地方, 振興局, 地点番号, 観測所名, よみがな, ローマ字表記, 所在地, Latitude, Latitude_3, Longitude, Longitude_4, Start Year-Start Month-Start Day, End Year-End Month-End Day, Old Station Number, 実測開始日, 実測終了日, 特別警戒情報判定除外開始日, 特別警戒情報判定除外終了日
北海道, 宗谷, 11001, 宗谷岬, そうやみさき, SOYAMISAKI, 稚内市宗谷岬, 45, 31.2, 141, 56.1, 2010-05-01, 9999-99-99, 11001, , , , 
北海道, 宗谷, 11016, 稚内, わっかない, WAKKANAI, 稚内市開運　稚内地方気象台, 45, 24.9, 141, 40.7, 2010-05-01, 9999-99-99, 11016, , , , 
北海道, 宗谷, 11046, 礼文, れぶん, REBUN, 礼文郡礼文町大字香深村トンナイ, 45, 18.3, 141, 2.7, 2010-05-01, 9999-99-99, 11046, , , , 
北海道, 宗谷, 11076, 浜鬼志別, はまおにしべつ, HAMAONISHIBETSU, 宗谷郡猿払村浜鬼志別, 45, 20.1, 142, 10.2, 2010-05-01, 9999-99-99, 11076, , , , 
北海道, 宗谷, 11121, 沼川, ぬまかわ, NUMAKAWA, 稚内市声問村沼川, 45, 14.9, 141, 51.1, 2010-05-01, 9999-99-99, 11121, , , , 
北海道, 宗谷, 11151, 沓形, くつがた, KUTSUGATA, 利尻郡利尻町沓形泉町, 45, 10.7, 141, 8.3, 2010-05-01, 9999-99-99, 11151, , , , 
北海道, 宗谷, 11176, 豊富, とよとみ, TOYOTOMI, 天塩郡豊富町豊富東2条, 45, 6.1, 141, 46.8, 2010-05-01, 9999-99-99, 11176, , , , 
北海道, 宗谷, 11206, 浜頓別, はまとんべつ, HAMATOMBETSU, 枝幸郡浜頓別町クッチャロ湖畔, 45, 7.5, 142, 21.0, 2010-05-01, 9999-99-99, 11206, , , , 
北海道, 宗谷, 11276, 中頓別, なかとんべつ, NAKATOMBETSU, 枝幸郡中頓別町上駒, 44, 57.9, 142, 16.8, 2010-05-01, 9999-99-99, 11276, , , , 
北海道, 宗谷, 11291, 北見枝幸, きたみえさし, KITAMI-ESASHI, 枝幸郡枝幸町本町　北見枝幸特別地域気象観測所, 44, 56.4, 142, 35.1, 2010-05-01, 9999-99-99, 11291, , , , 
北海道, 宗谷, 11316, 歌登, うたのぼり, UTANOBORI, 枝幸郡枝幸町歌登東町, 44, 50.5, 142, 28.8, 2010-05-01, 9999-99-99, 11316, , , , 
北海道, 上川, 12011, 中川, なかがわ, NAKAGAWA, 中川郡中川町中川, 44, 49.7, 142, 4.6, 2010-05-01, 9999-99-99, 12011, , , , 
北海道, 上川, 12041, 音威子府, おといねっぷ, OTOINEPPU, 中川郡音威子府村音威子府, 44, 43.6, 142, 15.9, 2010-05-01, 9999-99-99, 12041, , , , 
北海道, 上川, 12141, 美深, びふか, BIFUKA, 中川郡美深町西町, 44, 28.8, 142, 20.5, 2010-05-01, 9999-99-99, 12141, , , , 
北海道, 上川, 12181, 名寄, なよろ, NAYORO, 名寄市大橋, 44, 22.2, 142, 27.4, 2010-05-01, 9999-99-99, 12181, , , , 
北海道, 上川, 12231, 下川, しもかわ, SHIMOKAWA, 上川郡下川町南町, 44, 17.7, 142, 38.2, 2010-05-01, 9999-99-99, 12231, , , , 
北海道, 上川, 12261, 士別, しべつ, SHIBETSU, 士別市武徳町, 44, 11.2, 142, 25.0, 2010-05-01, 9999-99-99, 12261, , , , 
北海道, 上川, 12266, 朝日, あさひ, ASAHI, 士別市朝日町中央, 44, 7.1, 142, 35.7, 2010-05-01, 9999-99-99, 12266, , , , 
北海道, 上川, 12301, 和寒, わっさむ, WASSAMU, 上川郡和寒町日ノ出, 44, 1.7, 142, 24.6, 2010-05-01, 9999-99-99, 12301, , , , 
北海道, 上川, 12386, 江丹別, えたんべつ, ETAMBETSU, 旭川市江丹別町芳野, 43, 52.2, 142, 15.6, 2010-05-01, 9999-99-99, 12386, , , , 
北海道, 上川, 12396, 比布, ぴっぷ, PIPPU, 上川郡比布町北2線, 43, 52.2, 142, 28.2, 2010-05-01, 9999-99-99, 12396, , , , 
北海道, 上川, 12411, 上川, かみかわ, KAMIKAWA, 上川郡上川町栄町, 43, 50.8, 142, 45.2, 2010-05-01, 9999-99-99, 12411, , , , 
北海道, 上川, 12442, 旭川, あさひかわ, ASAHIKAWA, 旭川市宮前1条　旭川地方気象台, 43, 45.4, 142, 22.3, 2010-05-01, 9999-99-99, 12442, , , , 
北海道, 上川, 12451, 東川, ひがしかわ, HIGASHIKAWA, 上川郡東川町北町, 43, 42.1, 142, 30.5, 2010-05-01, 9999-99-99, 12451, , , , 
北海道, 上川, 12512, 志比内, しびない, SHIBINAI, 上川郡東神楽町志比内, 43, 38.6, 142, 34.9, 2010-05-01, 9999-99-99, 12512, , , , 
北海道, 上川, 12551, 美瑛, びえい, BIEI, 上川郡美瑛町原野5線, 43, 35.3, 142, 29.6, 2010-05-01, 9999-99-99, 12551, , , , 
北海道, 上川, 12596, 上富良野, かみふらの, KAMIFURANO, 空知郡上富良野町大町, 43, 27.3, 142, 27.9, 2010-05-01, 9999-99-99, 12596, , , , 
北海道, 上川, 12626, 富良野, ふらの, FURANO, 富良野市東町, 43, 20.0, 142, 24.0, 2010-05-01, 9999-99-99, 12626, , , , 
北海道, 上川, 12632, 麓郷, ろくごう, ROKUGO, 富良野市麓郷市街地, 43, 18.1, 142, 31.3, 2010-05-01, 9999-99-99, 12632, , , , 
北海道, 上川, 12691, 幾寅, いくとら, IKUTORA, 空知郡南富良野町幾寅, 43, 10.1, 142, 34.1, 2010-05-01, 9999-99-99, 12691, , , , 
北海道, 上川, 12746, 占冠, しむかっぷ, SHIMUKAPPU, 勇払郡占冠村中央, 42, 58.7, 142, 23.7, 2010-05-01, 9999-99-99, 12746, , , , 
北海道, 留萌, 13061, 天塩, てしお, TESHIO, 天塩郡天塩町川口, 44, 53.6, 141, 45.7, 2010-05-01, 9999-99-99, 13061, , , , 
北海道, 留萌, 13086, 遠別, えんべつ, EMBETSU, 天塩郡遠別町幸和, 44, 43.1, 141, 48.4, 2010-05-01, 9999-99-99, 13086, , , , 
北海道, 留萌, 13121, 初山別, しょさんべつ, SHOSAMBETSU, 苫前郡初山別村初山別, 44, 31.4, 141, 46.2, 2010-05-01, 9999-99-99, 13121, , , , 
北海道, 留萌, 13146, 焼尻, やぎしり, YAGISHIRI, 苫前郡羽幌町焼尻白浜, 44, 25.7, 141, 25.3, 2010-05-01, 9999-99-99, 13146, , , , 
北海道, 留萌, 13181, 羽幌, はぼろ, HABORO, 苫前郡羽幌町南3条　羽幌特別地域気象観測所, 44, 21.8, 141, 42.0, 2010-05-01, 9999-99-99, 13181, , , , 
北海道, 留萌, 13261, 達布, たっぷ, TAPPU, 留萌郡小平町達布, 44, 2.9, 141, 51.4, 2010-05-01, 9999-99-99, 13261, , , , 
北海道, 留萌, 13277, 留萌, るもい, RUMOI, 留萌市大町　留萌特別地域気象観測所, 43, 56.7, 141, 37.9, 2010-05-01, 9999-99-99, 13277, , , , 
北海道, 留萌, 13311, 増毛, ましけ, MASHIKE, 増毛郡増毛町別苅, 43, 50.9, 141, 30.6, 2010-05-01, 9999-99-99, 13311, , , , 
北海道, 留萌, 13321, 幌糠, ほろぬか, HORONUKA, 留萌市幌糠町, 43, 51.2, 141, 45.6, 2010-05-01, 9999-99-99, 13321, , , , 
北海道, 石狩, 14026, 浜益, はまます, HAMAMASU, 石狩市浜益区川下, 43, 34.9, 141, 23.2, 2010-05-01, 9999-99-99, 14026, , , , 
北海道, 石狩, 14071, 厚田, あつた, ATSUTA, 石狩市厚田区別狩, 43, 23.8, 141, 26.2, 2010-05-01, 9999-99-99, 14071, , , , 
北海道, 石狩, 14101, 新篠津, しんしのつ, SHINSHINOTSU, 石狩郡新篠津村第46線北, 43, 13.2, 141, 38.7, 2010-05-01, 9999-99-99, 14101, , , , 
北海道, 石狩, 14116, 山口, やまぐち, YAMAGUCHI, 札幌市手稲区手稲山口, 43, 8.9, 141, 13.3, 2010-05-01, 9999-99-99, 14116, , , , 
北海道, 石狩, 14121, 石狩, いしかり, ISHIKARI, 石狩市生振, 43, 11.6, 141, 22.2, 2010-05-01, 9999-99-99, 14121, , , , 
北海道, 石狩, 14136, 江別, えべつ, EBETSU, 江別市江別太, 43, 6.6, 141, 36.1, 2010-05-01, 9999-99-99, 14136, , , , 
北海道, 石狩, 14163, 札幌, さっぽろ, SAPPORO, 札幌市中央区北2条西　札幌管区気象台, 43, 3.6, 141, 19.7, 2010-05-01, 9999-99-99, 14163, 2014-04-01, 9999-99-99, , 
北海道, 石狩, 14206, 恵庭島松, えにわしままつ, ENIWASHIMAMATSU, 恵庭市下島松, 42, 55.6, 141, 33.9, 2010-05-01, 9999-99-99, 14206, , , , 
北海道, 石狩, 14286, 支笏湖畔, しこつこはん, SHIKOTSUKOHAN, 千歳市支笏湖温泉番外地, 42, 46.3, 141, 24.4, 2010-05-01, 9999-99-99, 14286, , , , 
北海道, 上川, 15041, 朱鞠内, しゅまりない, SHUMARINAI, 雨竜郡幌加内町朱鞠内, 44, 16.9, 142, 9.7, 2010-05-01, 9999-99-99, 15041, , , , 
北海道, 上川, 15076, 幌加内, ほろかない, HOROKANAI, 雨竜郡幌加内町幌加内, 44, 0.6, 142, 9.6, 2010-05-01, 9999-99-99, 15076, , , , 
北海道, 空知, 15116, 石狩沼田, いしかりぬまた, ISHIKARINUMATA, 雨竜郡沼田町緑町, 43, 48.9, 141, 55.6, 2010-05-01, 9999-99-99, 15116, , , , 
北海道, 空知, 15156, 秩父別, ちっぷべつ, CHIPPUBETSU, 雨竜郡秩父別町５条, 43, 46.8, 141, 57.7, 2022-10-31, 9999-99-99, 15156, , , , 
北海道, 空知, 15161, 深川, ふかがわ, FUKAGAWA, 深川市一已町一已, 43, 43.1, 142, 4.4, 2010-05-01, 9999-99-99, 15161, , , , 
北海道, 空知, 15231, 空知吉野, そらちよしの, SORACHIYOSHINO, 樺戸郡新十津川町吉野, 43, 35.7, 141, 43.9, 2010-05-01, 9999-99-99, 15231, , , , 
北海道, 空知, 15241, 滝川, たきかわ, TAKIKAWA, 滝川市南滝の川, 43, 34.2, 141, 56.3, 2010-05-01, 9999-99-99, 15241, , , , 
北海道, 空知, 15251, 芦別, あしべつ, ASHIBETSU, 芦別市北2条東, 43, 31.2, 142, 11.4, 2010-05-01, 9999-99-99, 15251, , , , 
北海道, 空知, 15311, 月形, つきがた, TSUKIGATA, 樺戸郡月形町知来乙, 43, 19.8, 141, 37.0, 2010-05-01, 9999-99-99, 15311, , , , 
北海道, 空知, 15321, 美唄, びばい, BIBAI, 美唄市北美唄町二区, 43, 21.8, 141, 49.6, 2010-05-01, 9999-99-99, 15321, , , , 
北海道, 空知, 15356, 岩見沢, いわみざわ, IWAMIZAWA, 岩見沢市5条東　岩見沢特別地域気象観測所, 43, 12.7, 141, 47.1, 2010-05-01, 9999-99-99, 15356, , , , 
北海道, 空知, 15431, 長沼, ながぬま, NAGANUMA, 夕張郡長沼町本町北, 43, 0.7, 141, 41.6, 2010-05-01, 9999-99-99, 15431, , , , 
北海道, 空知, 15442, 夕張, ゆうばり, YUBARI, 夕張市鹿の谷山手町, 43, 2.3, 141, 57.4, 2010-05-01, 9999-99-99, 15442, , , , 
北海道, 後志, 16026, 美国, びくに, BIKUNI, 積丹郡積丹町美国町船澗, 43, 16.3, 140, 33.8, 2010-05-01, 9999-99-99, 16026, , , , 
北海道, 後志, 16061, 神恵内, かもえない, KAMOENAI, 古宇郡神恵内村神恵内村, 43, 8.7, 140, 25.4, 2010-05-01, 9999-99-99, 16061, , , , 
北海道, 後志, 16076, 余市, よいち, YOICHI, 余市郡余市町豊丘町, 43, 10.9, 140, 45.5, 2010-05-01, 9999-99-99, 16076, , , , 
北海道, 後志, 16091, 小樽, おたる, OTARU, 小樽市勝納町　小樽特別地域気象観測所, 43, 10.9, 141, 0.9, 2010-05-01, 9999-99-99, 16091, , , , 
北海道, 後志, 16156, 共和, きょうわ, KYOWA, 岩内郡共和町南幌似, 42, 58.8, 140, 36.2, 2010-05-01, 9999-99-99, 16156, , , , 
北海道, 後志, 16206, 蘭越, らんこし, RANKOSHI, 磯谷郡蘭越町蘭越町, 42, 48.6, 140, 32.5, 2010-05-01, 9999-99-99, 16206, , , , 
北海道, 後志, 16217, 倶知安, くっちゃん, KUTCHAN, 虻田郡倶知安町南1条東　倶知安特別地域気象観測所, 42, 54.0, 140, 45.4, 2010-05-01, 9999-99-99, 16217, , , , 
北海道, 後志, 16252, 寿都, すっつ, SUTTSU, 寿都郡寿都町新栄町　寿都特別地域気象観測所, 42, 47.7, 140, 13.4, 2010-05-01, 9999-99-99, 16252, , , , 
北海道, 後志, 16281, 真狩, まっかり, MAKKARI, 虻田郡真狩村美原, 42, 46.5, 140, 52.8, 2010-05-01, 9999-99-99, 16281, , , , 
北海道, 後志, 16286, 喜茂別, きもべつ, KIMOBETSU, 虻田郡喜茂別町伏見, 42, 47.6, 140, 56.9, 2010-05-01, 9999-99-99, 16286, , , , 
北海道, 後志, 16321, 黒松内, くろまつない, KUROMATSUNAI, 寿都郡黒松内町黒松内, 42, 39.8, 140, 18.6, 2010-05-01, 9999-99-99, 16321, , , , 
北海道, ｵﾎｰﾂｸ, 17036, 雄武, おうむ, OMU, 紋別郡雄武町雄武　雄武特別地域気象観測所, 44, 34.8, 142, 57.8, 2010-05-01, 9999-99-99, 17036, , , , 
北海道, ｵﾎｰﾂｸ, 17076, 興部, おこっぺ, OKOPPE, 紋別郡興部町興部, 44, 28.2, 143, 6.5, 2010-05-01, 9999-99-99, 17076, , , , 
北海道, ｵﾎｰﾂｸ, 17091, 西興部, にしおこっぺ, NISHI-OKOPPE, 紋別郡西興部村西興部, 44, 19.9, 142, 56.1, 2010-05-01, 9999-99-99, 17091, , , , 
北海道, ｵﾎｰﾂｸ, 17112, 紋別, もんべつ, MOMBETSU, 紋別市南が丘町　紋別特別地域気象観測所, 44, 20.7, 143, 21.3, 2010-05-01, 9999-99-99, 17112, , , , 
北海道, ｵﾎｰﾂｸ, 17166, 湧別, ゆうべつ, YUBETSU, 紋別郡湧別町東, 44, 12.8, 143, 37.1, 2010-05-01, 9999-99-99, 17166, , , , 
北海道, ｵﾎｰﾂｸ, 17196, 滝上, たきのうえ, TAKINOUE, 紋別郡滝上町滝ノ上原野5線南, 44, 10.6, 143, 3.7, 2010-05-01, 9999-99-99, 17196, , , , 
北海道, ｵﾎｰﾂｸ, 17246, 常呂, ところ, TOKORO, 北見市常呂町岐阜, 44, 6.9, 144, 2.2, 2010-05-01, 9999-99-99, 17246, , , , 
北海道, ｵﾎｰﾂｸ, 17306, 遠軽, えんがる, ENGARU, 紋別郡遠軽町東町, 44, 3.2, 143, 32.4, 2010-05-01, 9999-99-99, 17306, , , , 
北海道, ｵﾎｰﾂｸ, 17316, 佐呂間, さろま, SAROMA, 常呂郡佐呂間町西富, 44, 1.1, 143, 45.6, 2010-05-01, 9999-99-99, 17316, , , , 
北海道, ｵﾎｰﾂｸ, 17341, 網走, あばしり, ABASHIRI, 網走市台町　網走地方気象台, 44, 1.0, 144, 16.7, 2010-05-01, 9999-99-99, 17341, , , , 
北海道, ｵﾎｰﾂｸ, 17351, 宇登呂, うとろ, UTORO, 斜里郡斜里町ウトロ高原, 44, 3.1, 144, 58.9, 2010-05-01, 9999-99-99, 17351, , , , 
北海道, ｵﾎｰﾂｸ, 17482, 白滝, しらたき, SHIRATAKI, 紋別郡遠軽町白滝北支湧別, 43, 51.9, 143, 9.2, 2010-05-01, 9999-99-99, 17482, , , , 
北海道, ｵﾎｰﾂｸ, 17501, 生田原, いくたはら, IKUTAHARA, 紋別郡遠軽町生田原, 43, 55.0, 143, 31.9, 2010-05-01, 9999-99-99, 17501, , , , 
北海道, ｵﾎｰﾂｸ, 17521, 北見, きたみ, KITAMI, 北見市広郷, 43, 46.6, 143, 50.5, 2010-05-01, 9999-99-99, 17521, , , , 
北海道, ｵﾎｰﾂｸ, 17546, 小清水, こしみず, KOSHIMIZU, 斜里郡小清水町泉, 43, 50.5, 144, 29.1, 2010-05-01, 9999-99-99, 17546, , , , 
北海道, ｵﾎｰﾂｸ, 17561, 斜里, しゃり, SHARI, 斜里郡斜里町以久科南, 43, 53.1, 144, 42.0, 2010-05-01, 9999-99-99, 17561, , , , 
北海道, ｵﾎｰﾂｸ, 17596, 留辺蘂, るべしべ, RUBESHIBE, 北見市留辺蘂町大和, 43, 44.5, 143, 27.0, 2010-05-01, 9999-99-99, 17596, , , , 
北海道, ｵﾎｰﾂｸ, 17607, 境野, さかいの, SAKAINO, 常呂郡置戸町豊住, 43, 42.4, 143, 38.6, 2010-05-01, 9999-99-99, 17607, , , , 
北海道, ｵﾎｰﾂｸ, 17631, 美幌, びほろ, BIHORO, 網走郡美幌町福住, 43, 46.2, 144, 10.3, 2010-05-01, 9999-99-99, 17631, , , , 
北海道, ｵﾎｰﾂｸ, 17717, 津別, つべつ, TSUBETSU, 網走郡津別町豊永, 43, 42.1, 144, 2.0, 2010-05-01, 9999-99-99, 17717, , , , 
北海道, 根室, 18038, 羅臼, らうす, RAUSU, 目梨郡羅臼町栄町, 44, 1.4, 145, 11.2, 2010-05-01, 9999-99-99, 18038, , , , 
北海道, 根室, 18136, 標津, しべつ, SHIBETSU, 標津郡標津町北2条西, 43, 39.7, 145, 7.9, 2010-05-01, 9999-99-99, 18136, , , , 
北海道, 根室, 18161, 上標津, かみしべつ, KAMISHIBETSU, 標津郡中標津町上標津, 43, 31.2, 144, 44.8, 2010-05-01, 9999-99-99, 18161, , , , 
北海道, 根室, 18171, 中標津, なかしべつ, NAKASHIBETSU, 標津郡中標津町桜ヶ丘, 43, 32.6, 144, 58.7, 2010-05-01, 9999-99-99, 18171, , , , 
北海道, 根室, 18256, 別海, べつかい, BETSUKAI, 野付郡別海町川上町, 43, 22.9, 145, 7.1, 2010-05-01, 9999-99-99, 18256, , , , 
北海道, 根室, 18273, 根室, ねむろ, NEMURO, 根室市弥栄町　根室特別地域気象観測所, 43, 19.8, 145, 35.1, 2010-05-01, 9999-99-99, 18273, , , , 
北海道, 根室, 18281, 納沙布, のさっぷ, NOSAPPU, 根室市温根元, 43, 23.6, 145, 45.5, 2010-05-01, 9999-99-99, 18281, , , , 
北海道, 根室, 18311, 厚床, あっとこ, ATTOKO, 根室市西厚床, 43, 13.2, 145, 13.6, 2010-05-01, 9999-99-99, 18311, , , , 
北海道, 釧路, 19021, 川湯, かわゆ, KAWAYU, 川上郡弟子屈町川湯駅前, 43, 37.0, 144, 27.4, 2010-05-01, 9999-99-99, 19021, , , , 
北海道, 釧路, 19051, 弟子屈, てしかが, TESHIKAGA, 川上郡弟子屈町弟子屈原野, 43, 30.6, 144, 28.0, 2010-05-01, 9999-99-99, 19051, , , , 
北海道, 釧路, 19076, 阿寒湖畔, あかんこはん, AKANKOHAN, 釧路市阿寒町阿寒湖温泉, 43, 26.2, 144, 5.0, 2010-05-01, 9999-99-99, 19076, , , , 
北海道, 釧路, 19151, 標茶, しべちゃ, SHIBECHA, 川上郡標茶町開運, 43, 17.5, 144, 35.2, 2010-05-01, 9999-99-99, 19151, , , , 
北海道, 釧路, 19191, 鶴居, つるい, TSURUI, 阿寒郡鶴居村鶴居東, 43, 13.9, 144, 19.5, 2010-05-01, 9999-99-99, 19191, , , , 
北海道, 釧路, 19261, 中徹別, なかてしべつ, NAKATESHIBETSU, 釧路市阿寒町徹別中央34線, 43, 11.9, 144, 8.5, 2010-05-01, 9999-99-99, 19261, , , , 
北海道, 釧路, 19311, 榊町, さかきまち, SAKAKIMACHI, 厚岸郡浜中町榊町, 43, 7.2, 145, 6.6, 2010-05-01, 9999-99-99, 19311, , , , 
北海道, 釧路, 19376, 太田, おおた, OTA, 厚岸郡厚岸町太田, 43, 5.4, 144, 46.7, 2010-05-01, 9999-99-99, 19376, , , , 
北海道, 釧路, 19416, 白糠, しらぬか, SHIRANUKA, 白糠郡白糠町西2条北, 42, 58.2, 144, 3.7, 2010-05-01, 9999-99-99, 19416, , , , 
北海道, 釧路, 19432, 釧路, くしろ, KUSHIRO, 釧路市幸町　釧路地方気象台, 42, 59.1, 144, 22.6, 2010-05-01, 9999-99-99, 19432, , , , 
北海道, 釧路, 19451, 知方学, ちっぽまない, CHIPPOMANAI, 釧路郡釧路町仙鳳趾村知方学, 42, 56.3, 144, 44.1, 2010-05-01, 9999-99-99, 19451, , , , 
北海道, 十勝, 20146, 陸別, りくべつ, RIKUBETSU, 足寄郡陸別町陸別原野基線, 43, 28.3, 143, 45.2, 2010-05-01, 9999-99-99, 20146, , , , 
北海道, 十勝, 20186, ぬかびら源泉郷, ぬかびらげんせんきょう, NUKABIRA-GENSENKYO, 河東郡上士幌町ぬかびら源泉郷北区, 43, 22.0, 143, 11.5, 2010-05-01, 9999-99-99, 20186, , , , 
北海道, 十勝, 20266, 上士幌, かみしほろ, KAMISHIHORO, 河東郡上士幌町東3線, 43, 14.5, 143, 17.7, 2010-05-01, 9999-99-99, 20266, , , , 
北海道, 十勝, 20276, 足寄, あしょろ, ASHORO, 足寄郡足寄町南1条, 43, 14.6, 143, 33.2, 2010-05-01, 9999-99-99, 20276, , , , 
北海道, 十勝, 20341, 本別, ほんべつ, HOMBETSU, 中川郡本別町新町, 43, 7.9, 143, 36.0, 2010-05-01, 9999-99-99, 20341, , , , 
北海道, 十勝, 20356, 新得, しんとく, SHINTOKU, 上川郡新得町4条南, 43, 4.6, 142, 50.4, 2010-05-01, 9999-99-99, 20356, , , , 
北海道, 十勝, 20361, 鹿追, しかおい, SHIKAOI, 河東郡鹿追町緑町, 43, 6.2, 142, 59.7, 2010-05-01, 9999-99-99, 20361, , , , 
北海道, 十勝, 20371, 駒場, こまば, KOMABA, 河東郡音更町駒場北町, 43, 3.0, 143, 11.0, 2010-05-01, 9999-99-99, 20371, , , , 
北海道, 十勝, 20421, 芽室, めむろ, MEMURO, 河西郡芽室町西3条南, 42, 54.0, 143, 2.6, 2010-05-01, 9999-99-99, 20421, , , , 
北海道, 十勝, 20432, 帯広, おびひろ, OBIHIRO, 帯広市東4条南　帯広測候所, 42, 55.3, 143, 12.7, 2010-05-01, 9999-99-99, 20432, , , , 
北海道, 十勝, 20441, 池田, いけだ, IKEDA, 中川郡池田町清見, 42, 55.2, 143, 27.5, 2010-05-01, 9999-99-99, 20441, , , , 
北海道, 十勝, 20506, 浦幌, うらほろ, URAHORO, 十勝郡浦幌町桜町, 42, 48.5, 143, 39.4, 2010-05-01, 9999-99-99, 20506, , , , 
北海道, 十勝, 20556, 糠内, ぬかない, NUKANAI, 中川郡幕別町五位, 42, 47.2, 143, 19.7, 2010-05-01, 9999-99-99, 20556, , , , 
北海道, 十勝, 20601, 上札内, かみさつない, KAMISATSUNAI, 河西郡中札内村元札内西1線, 42, 38.5, 143, 5.8, 2010-05-01, 9999-99-99, 20601, , , , 
北海道, 十勝, 20606, 更別, さらべつ, SARABETSU, 河西郡更別村更別南2線, 42, 39.1, 143, 11.7, 2010-05-01, 9999-99-99, 20606, , , , 
北海道, 十勝, 20631, 大津, おおつ, OTSU, 中川郡豊頃町大津寿町, 42, 41.2, 143, 38.8, 2010-05-01, 9999-99-99, 20631, , , , 
北海道, 十勝, 20696, 大樹, たいき, TAIKI, 広尾郡大樹町柏木町, 42, 30.0, 143, 16.4, 2010-05-01, 9999-99-99, 20696, , , , 
北海道, 十勝, 20751, 広尾, ひろお, HIRO-O, 広尾郡広尾町並木通東　広尾特別地域気象観測所, 42, 17.6, 143, 19.0, 2010-05-01, 9999-99-99, 20751, , , , 
北海道, 胆振, 21111, 厚真, あつま, ATSUMA, 勇払郡厚真町朝日, 42, 43.8, 141, 53.3, 2010-05-01, 9999-99-99, 21111, , , , 
北海道, 胆振, 21126, 穂別, ほべつ, HOBETSU, 勇払郡むかわ町穂別, 42, 45.7, 142, 8.6, 2010-05-01, 9999-99-99, 21126, , , , 
北海道, 胆振, 21161, 大滝, おおたき, OTAKI, 伊達市大滝区本町, 42, 40.2, 141, 4.7, 2010-05-01, 9999-99-99, 21161, , , , 
北海道, 胆振, 21171, 森野, もりの, MORINO, 白老郡白老町森野, 42, 37.8, 141, 14.8, 2010-05-01, 9999-99-99, 21171, , , , 
北海道, 胆振, 21187, 苫小牧, とまこまい, TOMAKOMAI, 苫小牧市しらかば町　苫小牧特別地域気象観測所, 42, 37.4, 141, 32.8, 2010-05-01, 9999-99-99, 21187, , , , 
北海道, 胆振, 21226, 大岸, おおきし, OKISHI, 虻田郡豊浦町大岸, 42, 35.4, 140, 38.6, 2010-05-01, 9999-99-99, 21226, , , , 
北海道, 胆振, 21261, 白老, しらおい, SHIRAOI, 白老郡白老町高砂町, 42, 32.6, 141, 21.1, 2010-05-01, 9999-99-99, 21261, , , , 
北海道, 胆振, 21276, 鵡川, むかわ, MUKAWA, 勇払郡むかわ町豊城, 42, 35.4, 141, 56.0, 2010-05-01, 9999-99-99, 21276, , , , 
北海道, 胆振, 21297, 伊達, だて, DATE, 伊達市館山下町, 42, 28.5, 140, 50.9, 2010-05-01, 9999-99-99, 21297, , , , 
北海道, 胆振, 21312, 登別, のぼりべつ, NOBORIBETSU, 登別市札内町, 42, 27.5, 141, 7.1, 2010-05-01, 9999-99-99, 21312, , , , 
北海道, 胆振, 21323, 室蘭, むろらん, MURORAN, 室蘭市山手町　室蘭地方気象台, 42, 18.7, 140, 58.5, 2010-05-01, 9999-99-99, 21323, , , , 
北海道, 日高, 22036, 日高, ひだか, HIDAKA, 沙流郡日高町本町東, 42, 52.6, 142, 26.5, 2010-05-01, 9999-99-99, 22036, , , , 
北海道, 日高, 22141, 日高門別, ひだかもんべつ, HIDAKA-MOMBETSU, 沙流郡日高町富浜, 42, 29.8, 142, 3.2, 2010-05-01, 9999-99-99, 22141, , , , 
北海道, 日高, 22156, 新和, しんわ, SHINWA, 新冠郡新冠町新和, 42, 32.6, 142, 20.0, 2010-05-01, 9999-99-99, 22156, , , , 
北海道, 日高, 22241, 静内, しずない, SHIZUNAI, 日高郡新ひだか町静内山手町, 42, 20.6, 142, 21.7, 2010-05-01, 9999-99-99, 22241, , , , 
北海道, 日高, 22291, 三石, みついし, MITSUISHI, 日高郡新ひだか町三石美野和, 42, 14.7, 142, 39.7, 2010-05-01, 9999-99-99, 22291, , , , 
北海道, 日高, 22306, 中杵臼, なかきねうす, NAKAKINEUSU, 浦河郡浦河町上杵臼, 42, 13.4, 142, 56.9, 2010-05-01, 9999-99-99, 22306, , , , 
北海道, 日高, 22327, 浦河, うらかわ, URAKAWA, 浦河郡浦河町潮見町　浦河特別地域気象観測所, 42, 9.7, 142, 46.6, 2010-05-01, 9999-99-99, 22327, , , , 
北海道, 日高, 22391, えりも岬, えりもみさき, ERIMOMISAKI, 幌泉郡えりも町東洋, 41, 55.5, 143, 14.6, 2010-05-01, 9999-99-99, 22391, , , , 
北海道, 渡島, 23031, 長万部, おしゃまんべ, OSHAMAMBE, 山越郡長万部町字長万部, 42, 31.0, 140, 22.4, 2010-05-01, 9999-99-99, 23031, , , , 
北海道, 渡島, 23086, 八雲, やくも, YAKUMO, 二海郡八雲町本町, 42, 15.1, 140, 16.3, 2010-05-01, 9999-99-99, 23086, , , , 
北海道, 渡島, 23166, 森, もり, MORI, 茅部郡森町姫川, 42, 4.0, 140, 35.3, 2010-05-01, 9999-99-99, 23166, , , , 
北海道, 渡島, 23206, 川汲, かっくみ, KAKKUMI, 函館市川汲町, 41, 54.4, 140, 58.2, 2010-05-01, 9999-99-99, 23206, , , , 
北海道, 渡島, 23226, 北斗, ほくと, HOKUTO, 北斗市本町, 41, 53.2, 140, 39.2, 2010-05-01, 9999-99-99, 23226, , , , 
北海道, 渡島, 23232, 函館, はこだて, HAKODATE, 函館市美原　函館地方気象台, 41, 49.0, 140, 45.2, 2010-05-01, 9999-99-99, 23232, , , , 
北海道, 渡島, 23326, 木古内, きこない, KIKONAI, 上磯郡木古内町字本町, 41, 40.8, 140, 26.2, 2010-05-01, 9999-99-99, 23326, , , , 
北海道, 渡島, 23376, 松前, まつまえ, MATSUMAE, 松前郡松前町建石, 41, 25.4, 140, 5.2, 2010-05-01, 9999-99-99, 23376, , , , 
北海道, 檜山, 24041, せたな, せたな, SETANA, 久遠郡せたな町瀬棚区本町, 42, 27.0, 139, 51.1, 2010-05-01, 9999-99-99, 24041, , , , 
北海道, 檜山, 24051, 今金, いまかね, IMAKANE, 瀬棚郡今金町今金, 42, 25.7, 140, 0.5, 2010-05-01, 9999-99-99, 24051, , , , 
北海道, 檜山, 24101, 奥尻, おくしり, OKUSHIRI, 奥尻郡奥尻町稲穂, 42, 14.9, 139, 33.4, 2010-05-01, 9999-99-99, 24101, , , , 
北海道, 渡島, 24141, 熊石, くまいし, KUMAISHI, 二海郡八雲町熊石根崎町, 42, 7.7, 139, 59.1, 2010-05-01, 9999-99-99, 24141, , , , 
北海道, 檜山, 24201, 鶉, うずら, UZURA, 檜山郡厚沢部町鶉町, 41, 55.8, 140, 18.7, 2010-05-01, 9999-99-99, 24201, , , , 
北海道, 檜山, 24217, 江差, えさし, ESASHI, 檜山郡江差町姥神町　江差特別地域気象観測所, 41, 52.0, 140, 7.4, 2010-05-01, 9999-99-99, 24217, , , , 
東北, 青森, 31001, 大間, おおま, OMA, 下北郡大間町大間字狼丁, 41, 31.6, 140, 54.7, 2010-05-01, 9999-99-99, 31001, , , , 
東北, 青森, 31111, むつ, むつ, MUTSU, むつ市金曲　むつ特別地域気象観測所, 41, 17.0, 141, 12.6, 2010-05-01, 9999-99-99, 31111, , , , 
東北, 青森, 31121, 小田野沢, おだのさわ, ODANOSAWA, 下北郡東通村小田野沢字中川目, 41, 14.1, 141, 23.8, 2010-05-01, 9999-99-99, 31121, , , , 
東北, 青森, 31136, 今別, いまべつ, IMABETSU, 東津軽郡今別町今別字中沢, 41, 10.8, 140, 28.9, 2010-05-01, 9999-99-99, 31136, , , , 
東北, 青森, 31156, 脇野沢, わきのさわ, WAKINOSAWA, むつ市脇野沢桂沢, 41, 8.7, 140, 49.3, 2010-05-01, 9999-99-99, 31156, , , , 
東北, 青森, 31186, 市浦, しうら, SHIURA, 五所川原市相内, 41, 3.4, 140, 20.8, 2010-05-01, 9999-99-99, 31186, , , , 
東北, 青森, 31201, 蟹田, かにた, KANITA, 東津軽郡外ヶ浜町字蟹田鰐ケ淵, 41, 2.7, 140, 38.0, 2010-05-01, 9999-99-99, 31201, , , , 
東北, 青森, 31296, 五所川原, ごしょがわら, GOSHOGAWARA, 五所川原市松島町, 40, 48.5, 140, 27.5, 2010-05-01, 9999-99-99, 31296, , , , 
東北, 青森, 31312, 青森, あおもり, AOMORI, 青森市花園　青森地方気象台, 40, 49.3, 140, 46.1, 2010-05-01, 9999-99-99, 31312, 2025-04-01, 9999-99-99, , 
東北, 青森, 31332, 野辺地, のへじ, NOHEJI, 上北郡野辺地町有戸鳥井平, 40, 53.1, 141, 9.6, 2010-05-01, 9999-99-99, 31332, , , , 
東北, 青森, 31336, 六ケ所, ろっかしょ, ROKKASHO, 上北郡六ヶ所村倉内字笹崎, 40, 53.1, 141, 16.3, 2010-05-01, 9999-99-99, 31336, , , , 
東北, 青森, 31366, 鰺ケ沢, あじがさわ, AJIGASAWA, 西津軽郡鰺ヶ沢町舞戸町字小夜, 40, 46.6, 140, 12.3, 2010-05-01, 9999-99-99, 31366, , , , 
東北, 青森, 31436, 深浦, ふかうら, FUKAURA, 西津軽郡深浦町大字深浦字岡町　深浦特別地域気象観測所, 40, 38.7, 139, 55.9, 2010-05-01, 9999-99-99, 31436, , , , 
東北, 青森, 31461, 弘前, ひろさき, HIROSAKI, 弘前市和田町, 40, 36.7, 140, 27.3, 2010-05-01, 9999-99-99, 31461, , , , 
東北, 青森, 31466, 黒石, くろいし, KUROISHI, 黒石市馬場尻南, 40, 40.0, 140, 35.1, 2010-05-01, 9999-99-99, 31466, , , , 
東北, 青森, 31482, 酸ケ湯, すかゆ, SUKAYU, 青森市荒川字南荒川山国有林酸ヶ湯沢, 40, 38.9, 140, 50.9, 2010-05-01, 9999-99-99, 31482, , , 2026-04-01, 9999-99-99
東北, 青森, 31506, 三沢, みさわ, MISAWA, 三沢市東町, 40, 40.5, 141, 22.5, 2010-05-01, 9999-99-99, 31506, , , , 
東北, 青森, 31586, 十和田, とわだ, TOWADA, 十和田市東十六番町, 40, 36.4, 141, 14.0, 2010-05-01, 9999-99-99, 31586, , , , 
東北, 青森, 31602, 八戸, はちのへ, HACHINOHE, 八戸市湊町字館鼻　八戸特別地域気象観測所, 40, 31.6, 141, 31.3, 2010-05-01, 9999-99-99, 31602, , , , 
東北, 青森, 31646, 碇ケ関, いかりがせき, IKARIGASEKI, 平川市碇ヶ関阿原, 40, 28.9, 140, 37.2, 2010-05-01, 9999-99-99, 31646, , , , 
東北, 青森, 31662, 休屋, やすみや, YASUMIYA, 十和田市大字奥瀬字十和田湖畔休屋, 40, 25.6, 140, 53.9, 2010-05-01, 9999-99-99, 31662, , , , 
東北, 青森, 31721, 三戸, さんのへ, SANNOHE, 三戸郡三戸町川守田字寺ノ沢, 40, 23.0, 141, 15.4, 2010-05-01, 9999-99-99, 31721, , , , 
東北, 秋田, 32056, 八森, はちもり, HACHIMORI, 山本郡八峰町八森字チコキ, 40, 24.8, 139, 56.9, 2010-05-01, 9999-99-99, 32056, , , , 
東北, 秋田, 32111, 能代, のしろ, NOSHIRO, 能代市緑町, 40, 11.9, 140, 1.9, 2010-05-01, 9999-99-99, 32111, , , , 
東北, 秋田, 32126, 鷹巣, たかのす, TAKANOSU, 北秋田市旭町, 40, 13.6, 140, 22.3, 2010-05-01, 9999-99-99, 32126, , , , 
東北, 秋田, 32136, 大館, おおだて, ODATE, 大館市出川字上野, 40, 15.1, 140, 30.3, 2010-05-01, 9999-99-99, 32136, , , , 
東北, 秋田, 32146, 鹿角, かづの, KAZUNO, 鹿角市花輪字荒田, 40, 12.9, 140, 47.2, 2010-05-01, 9999-99-99, 32146, , , , 
東北, 秋田, 32206, 湯瀬, ゆぜ, YUZE, 鹿角市八幡平湯瀬字一羽根, 40, 7.2, 140, 50.4, 2010-05-01, 9999-99-99, 32206, , , , 
東北, 秋田, 32266, 八幡平, はちまんたい, HACHIMANTAI, 鹿角市八幡平字熊沢外8国有林, 40, 0.8, 140, 48.1, 2010-05-01, 9999-99-99, 32266, , , , 
東北, 秋田, 32286, 男鹿, おが, OGA, 男鹿市脇本脇本字上野, 39, 54.7, 139, 54.0, 2010-05-01, 9999-99-99, 32286, , , , 
東北, 秋田, 32287, 大潟, おおがた, OGATA, 南秋田郡大潟村大潟, 40, 0.0, 139, 57.0, 2010-05-01, 9999-99-99, 32287, , , , 
東北, 秋田, 32296, 五城目, ごじょうめ, GOJOME, 南秋田郡五城目町上樋口字屋岸, 39, 56.3, 140, 6.9, 2010-05-01, 9999-99-99, 32296, , , , 
東北, 秋田, 32311, 阿仁合, あにあい, ANIAI, 北秋田市阿仁水無字畑町東裏, 39, 59.6, 140, 24.2, 2010-05-01, 9999-99-99, 32311, , , , 
東北, 秋田, 32402, 秋田, あきた, AKITA, 秋田市山王　秋田地方気象台, 39, 43.0, 140, 5.9, 2010-05-01, 9999-99-99, 32402, 2025-04-01, 9999-99-99, , 
東北, 秋田, 32407, 岩見三内, いわみさんない, IWAMISANNAI, 秋田市河辺三内字外川原, 39, 42.4, 140, 17.2, 2010-05-01, 9999-99-99, 32407, , , , 
東北, 秋田, 32466, 角館, かくのだて, KAKUNODATE, 仙北市角館町小勝田鵜の崎, 39, 36.2, 140, 33.4, 2010-05-01, 9999-99-99, 32466, , , , 
東北, 秋田, 32476, 田沢湖, たざわこ, TAZAWAKO, 仙北市田沢湖生保内字宮の後, 39, 41.9, 140, 43.9, 2010-05-01, 9999-99-99, 32476, , , , 
東北, 秋田, 32496, 大正寺, だいしょうじ, DAISHOJI, 秋田市雄和新波字寺沢, 39, 31.6, 140, 14.0, 2010-05-01, 9999-99-99, 32496, , , , 
東北, 秋田, 32551, 大曲, おおまがり, OMAGARI, 大仙市四ツ屋字下古道, 39, 29.4, 140, 29.7, 2010-05-01, 9999-99-99, 32551, , , , 
東北, 秋田, 32571, 本荘, ほんじょう, HONJO, 由利本荘市埋田字用堰南, 39, 21.6, 140, 3.3, 2010-05-01, 9999-99-99, 32571, , , , 
東北, 秋田, 32581, 東由利, ひがしゆり, HIGASHIYURI, 由利本荘市東由利老方字後田, 39, 18.3, 140, 17.3, 2010-05-01, 9999-99-99, 32581, , , , 
東北, 秋田, 32596, 横手, よこて, YOKOTE, 横手市横手町大樋, 39, 19.2, 140, 33.3, 2010-05-01, 9999-99-99, 32596, , , , 
東北, 秋田, 32616, にかほ, にかほ, NIKAHO, にかほ市金浦字南金浦, 39, 15.3, 139, 54.8, 2010-05-01, 9999-99-99, 32616, , , , 
東北, 秋田, 32626, 矢島, やしま, YASHIMA, 由利本荘市矢島町城内字築舘, 39, 14.1, 140, 8.2, 2010-05-01, 9999-99-99, 32626, , , , 
東北, 秋田, 32691, 湯沢, ゆざわ, YUZAWA, 湯沢市金谷字樋ノ口, 39, 11.2, 140, 27.8, 2010-05-01, 9999-99-99, 32691, , , , 
東北, 秋田, 32771, 湯の岱, ゆのたい, YUNOTAI, 湯沢市秋の宮字湯の岱, 38, 57.6, 140, 31.7, 2010-05-01, 9999-99-99, 32771, , , , 
東北, 岩手, 33006, 種市, たねいち, TANEICHI, 九戸郡洋野町種市第21地割, 40, 24.2, 141, 42.0, 2010-05-01, 9999-99-99, 33006, , , , 
東北, 岩手, 33026, 軽米, かるまい, KARUMAI, 九戸郡軽米町大字上舘第15地割, 40, 19.5, 141, 28.0, 2010-05-01, 9999-99-99, 33026, , , , 
東北, 岩手, 33071, 二戸, にのへ, NINOHE, 二戸市堀野字馬場, 40, 17.9, 141, 17.9, 2010-05-01, 9999-99-99, 33071, , , , 
東北, 岩手, 33136, 山形, やまがた, YAMAGATA, 久慈市山形町川井, 40, 8.9, 141, 34.3, 2010-05-01, 9999-99-99, 33136, , , , 
東北, 岩手, 33146, 久慈, くじ, KUJI, 久慈市小久慈町第24地割, 40, 10.1, 141, 44.9, 2010-05-01, 9999-99-99, 33146, , , , 
東北, 岩手, 33166, 荒屋, あらや, ARAYA, 八幡平市叺田, 40, 6.2, 141, 3.0, 2010-05-01, 9999-99-99, 33166, , , , 
東北, 岩手, 33176, 奥中山, おくなかやま, OKUNAKAYAMA, 二戸郡一戸町小繋字西田子, 40, 3.6, 141, 13.5, 2010-05-01, 9999-99-99, 33176, , , , 
東北, 岩手, 33186, 葛巻, くずまき, KUZUMAKI, 岩手郡葛巻町葛巻第7地割字元町, 40, 2.4, 141, 27.4, 2010-05-01, 9999-99-99, 33186, , , , 
東北, 岩手, 33206, 普代, ふだい, FUDAI, 下閉伊郡普代村第13地割字普代, 40, 0.2, 141, 53.0, 2010-05-01, 9999-99-99, 33206, , , , 
東北, 岩手, 33226, 岩手松尾, いわてまつお, IWATEMATSUO, 八幡平市野駄, 39, 57.1, 141, 3.9, 2010-05-01, 9999-99-99, 33226, , , , 
東北, 岩手, 33296, 好摩, こうま, KOMA, 盛岡市好摩字芋田向, 39, 52.1, 141, 10.0, 2010-05-01, 9999-99-99, 33296, , , , 
東北, 岩手, 33326, 岩泉, いわいずみ, IWAIZUMI, 下閉伊郡岩泉町岩泉字中家, 39, 50.8, 141, 47.7, 2010-05-01, 9999-99-99, 33326, , , , 
東北, 岩手, 33336, 小本, おもと, OMOTO, 下閉伊郡岩泉町小本字下中野, 39, 50.8, 141, 57.8, 2010-05-01, 9999-99-99, 33336, , , , 
東北, 岩手, 33371, 薮川, やぶかわ, YABUKAWA, 盛岡市薮川字外山, 39, 47.0, 141, 19.7, 2010-05-01, 9999-99-99, 33371, , , 2026-04-01, 9999-99-99
東北, 岩手, 33421, 雫石, しずくいし, SHIZUKUISHI, 岩手郡雫石町第40地割字千刈田, 39, 41.8, 140, 58.5, 2010-05-01, 9999-99-99, 33421, , , , 
東北, 岩手, 33431, 盛岡, もりおか, MORIOKA, 盛岡市山王町　盛岡地方気象台, 39, 41.9, 141, 9.9, 2010-05-01, 9999-99-99, 33431, 2025-04-01, 9999-99-99, , 
東北, 岩手, 33441, 区界, くざかい, KUZAKAI, 宮古市区界第2地割, 39, 39.0, 141, 21.2, 2010-05-01, 9999-99-99, 33441, , , 2026-04-01, 9999-99-99
東北, 岩手, 33472, 宮古, みやこ, MIYAKO, 宮古市鍬ケ崎下町　宮古特別地域気象観測所, 39, 38.8, 141, 57.9, 2010-05-01, 9999-99-99, 33472, , , , 
東北, 岩手, 33486, 沢内, さわうち, SAWAUCHI, 和賀郡西和賀町沢内字貝沢4地割, 39, 32.9, 140, 50.6, 2017-07-11, 9999-99-99, 33486, , , , 
東北, 岩手, 33501, 紫波, しわ, SHIWA, 紫波郡紫波町稲藤字七郷, 39, 32.8, 141, 7.6, 2010-05-01, 9999-99-99, 33501, , , , 
東北, 岩手, 33526, 川井, かわい, KAWAI, 宮古市川井, 39, 35.9, 141, 40.9, 2010-05-01, 9999-99-99, 33526, , , , 
東北, 岩手, 33561, 沢内, さわうち, SAWAUCHI, 和賀郡西和賀町沢内川舟第34地割, 39, 28.8, 140, 47.8, 2010-05-01, 2017-07-10, 33561, , , , 
東北, 岩手, 33581, 大迫, おおはさま, OHASAMA, 花巻市大迫町大迫第13地割, 39, 28.2, 141, 16.7, 2010-05-01, 9999-99-99, 33581, , , , 
東北, 岩手, 33616, 山田, やまだ, YAMADA, 下閉伊郡山田町織笠第11地割, 39, 27.0, 141, 57.4, 2010-05-01, 9999-99-99, 33616, , , , 
東北, 岩手, 33631, 湯田, ゆだ, YUDA, 和賀郡西和賀町上野々第39地割, 39, 18.6, 140, 46.6, 2010-05-01, 9999-99-99, 33631, , , , 
東北, 岩手, 33671, 遠野, とおの, TOONO, 遠野市松崎町白岩24地割, 39, 20.3, 141, 32.6, 2010-05-01, 9999-99-99, 33671, , , , 
東北, 岩手, 33716, 北上, きたかみ, KITAKAMI, 北上市芳町, 39, 17.3, 141, 6.6, 2010-05-01, 9999-99-99, 33716, , , , 
東北, 岩手, 33751, 釜石, かまいし, KAMAISHI, 釜石市港町, 39, 16.2, 141, 52.7, 2010-05-01, 9999-99-99, 33751, , , , 
東北, 岩手, 33776, 若柳, わかやなぎ, WAKAYANAGI, 奥州市胆沢若柳字倉舘, 39, 8.4, 141, 3.8, 2010-05-01, 9999-99-99, 33776, , , , 
東北, 岩手, 33781, 江刺, えさし, ESASHI, 奥州市江刺愛宕字八日市, 39, 11.0, 141, 9.7, 2010-05-01, 9999-99-99, 33781, , , , 
東北, 岩手, 33801, 住田, すみた, SUMITA, 気仙郡住田町世田米字川向, 39, 8.5, 141, 34.4, 2010-05-01, 9999-99-99, 33801, , , , 
東北, 岩手, 33877, 大船渡, おおふなと, OFUNATO, 大船渡市大船渡町字赤沢　大船渡特別地域気象観測所, 39, 3.8, 141, 42.8, 2010-05-01, 9999-99-99, 33877, , , , 
東北, 岩手, 33911, 一関, いちのせき, ICHINOSEKI, 一関市竹山町, 38, 56.0, 141, 7.5, 2010-05-01, 9999-99-99, 33911, , , , 
東北, 岩手, 33921, 千厩, せんまや, SEMMAYA, 一関市千厩町千厩字北方, 38, 55.3, 141, 19.8, 2010-05-01, 9999-99-99, 33921, , , , 
東北, 宮城, 34012, 駒ノ湯, こまのゆ, KOMANOYU, 栗原市栗駒沼倉耕英南, 38, 54.8, 140, 49.7, 2010-05-01, 9999-99-99, 34012, , , , 
東北, 宮城, 34026, 気仙沼, けせんぬま, KESENNUMA, 気仙沼市古町, 38, 54.4, 141, 33.4, 2010-05-01, 9999-99-99, 34026, , , , 
東北, 宮城, 34096, 川渡, かわたび, KAWATABI, 大崎市鳴子温泉字蓬田, 38, 44.6, 140, 45.6, 2010-05-01, 9999-99-99, 34096, , , , 
東北, 宮城, 34111, 築館, つきだて, TSUKIDATE, 栗原市築館左足下, 38, 44.1, 141, 0.3, 2010-05-01, 9999-99-99, 34111, , , , 
東北, 宮城, 34171, 米山, よねやま, YONEYAMA, 登米市米山町西野字新遠田, 38, 37.5, 141, 11.2, 2010-05-01, 9999-99-99, 34171, , , , 
東北, 宮城, 34186, 志津川, しづがわ, SHIZUGAWA, 本吉郡南三陸町志津川字城場, 38, 40.9, 141, 26.9, 2010-05-01, 9999-99-99, 34186, , , , 
東北, 宮城, 34216, 古川, ふるかわ, FURUKAWA, 大崎市古川大崎字富国, 38, 35.9, 140, 54.7, 2010-05-01, 9999-99-99, 34216, , , , 
東北, 宮城, 34266, 大衡, おおひら, OHIRA, 黒川郡大衡村松の平, 38, 28.4, 140, 53.3, 2010-05-01, 9999-99-99, 34266, , , , 
東北, 宮城, 34276, 鹿島台, かしまだい, KASHIMADAI, 大崎市鹿島台広長字内の浦, 38, 27.6, 141, 5.5, 2010-05-01, 9999-99-99, 34276, , , , 
東北, 宮城, 34292, 石巻, いしのまき, ISHINOMAKI, 石巻市泉町　石巻特別地域気象観測所, 38, 25.6, 141, 17.9, 2010-05-01, 9999-99-99, 34292, , , , 
東北, 宮城, 34296, 女川, おながわ, ONAGAWA, 牡鹿郡女川町宮ケ崎字宮ケ崎, 38, 26.8, 141, 27.0, 2021-03-22, 9999-99-99, 34296, , , , 
東北, 宮城, 34311, 新川, にっかわ, NIKKAWA, 仙台市青葉区新川字清水尻, 38, 18.2, 140, 38.2, 2010-05-01, 9999-99-99, 34311, , , , 
東北, 宮城, 34331, 塩釜, しおがま, SHIOGAMA, 塩竈市伊保石, 38, 20.3, 141, 0.8, 2010-05-01, 9999-99-99, 34331, , , , 
東北, 宮城, 34361, 江ノ島, えのしま, ENOSHIMA, 牡鹿郡女川町江島字荒藪, 38, 23.9, 141, 35.8, 2010-05-01, 2021-03-09, 34361, , , , 
東北, 宮城, 34392, 仙台, せんだい, SENDAI, 仙台市宮城野区五輪　仙台管区気象台, 38, 15.7, 140, 53.8, 2010-05-01, 9999-99-99, 34392, 2014-04-01, 9999-99-99, , 
東北, 宮城, 34461, 白石, しろいし, SHIROISHI, 白石市福岡長袋字湯殿山, 38, 0.9, 140, 36.7, 2010-05-01, 9999-99-99, 34461, , , , 
東北, 宮城, 34462, 蔵王, ざおう, ZAO, 刈田郡蔵王町大字平沢字内屋敷, 38, 7.6, 140, 40.8, 2010-05-01, 9999-99-99, 34462, , , , 
東北, 宮城, 34471, 亘理, わたり, WATARI, 亘理郡亘理町字油田, 38, 1.5, 140, 51.5, 2010-05-01, 9999-99-99, 34471, , , , 
東北, 宮城, 34506, 丸森, まるもり, MARUMORI, 伊具郡丸森町舘矢間舘山字新賢中, 37, 55.9, 140, 46.7, 2010-05-01, 9999-99-99, 34506, , , , 
東北, 山形, 35002, 飛島, とびしま, TOBISHIMA, 酒田市飛島字勝浦乙, 39, 11.0, 139, 32.6, 2010-05-01, 9999-99-99, 35002, , , , 
東北, 山形, 35052, 酒田, さかた, SAKATA, 酒田市亀ケ崎　酒田特別地域気象観測所, 38, 54.5, 139, 50.6, 2010-05-01, 9999-99-99, 35052, , , , 
東北, 山形, 35071, 差首鍋, さすなべ, SASUNABE, 最上郡真室川町差首鍋, 38, 55.1, 140, 12.0, 2010-05-01, 9999-99-99, 35071, , , , 
東北, 山形, 35116, 金山, かねやま, KANEYAMA, 最上郡金山町金山字本町, 38, 52.7, 140, 19.9, 2010-05-01, 9999-99-99, 35116, , , , 
東北, 山形, 35141, 鶴岡, つるおか, TSURUOKA, 鶴岡市錦町, 38, 44.1, 139, 49.7, 2010-05-01, 9999-99-99, 35141, , , , 
東北, 山形, 35146, 狩川, かりかわ, KARIKAWA, 東田川郡庄内町狩川字矢倉, 38, 48.0, 139, 58.4, 2010-05-01, 9999-99-99, 35146, , , , 
東北, 山形, 35162, 新庄, しんじょう, SHINJO, 新庄市東谷地田町　新庄特別地域気象観測所, 38, 45.4, 140, 18.7, 2010-05-01, 9999-99-99, 35162, , , , 
東北, 山形, 35176, 向町, むかいまち, MUKAIMACHI, 最上郡最上町向町, 38, 45.5, 140, 31.0, 2010-05-01, 9999-99-99, 35176, , , , 
東北, 山形, 35216, 肘折, ひじおり, HIJIORI, 最上郡大蔵村南山, 38, 36.4, 140, 9.8, 2010-05-01, 9999-99-99, 35216, , , , 
東北, 山形, 35231, 尾花沢, おばなざわ, OBANAZAWA, 尾花沢市新町, 38, 36.5, 140, 24.7, 2010-05-01, 9999-99-99, 35231, , , , 
東北, 山形, 35246, 鼠ケ関, ねずがせき, NEZUGASEKI, 鶴岡市鼠ケ関字横路, 38, 34.0, 139, 33.1, 2010-05-01, 9999-99-99, 35246, , , , 
東北, 山形, 35332, 村山, むらやま, MURAYAMA, 村山市大字大久保字寄込, 38, 27.6, 140, 20.9, 2010-05-01, 9999-99-99, 35332, , , , 
東北, 山形, 35361, 大井沢, おおいさわ, OISAWA, 西村山郡西川町大井沢字中村, 38, 23.4, 139, 59.6, 2010-05-01, 9999-99-99, 35361, , , , 
東北, 山形, 35376, 左沢, あてらざわ, ATERAZAWA, 西村山郡大江町本郷字下夕原己, 38, 22.2, 140, 11.5, 2010-05-01, 9999-99-99, 35376, , , , 
東北, 山形, 35426, 山形, やまがた, YAMAGATA, 山形市緑町　山形地方気象台, 38, 15.3, 140, 20.7, 2010-05-01, 9999-99-99, 35426, 2025-04-01, 9999-99-99, , 
東北, 山形, 35456, 長井, ながい, NAGAI, 長井市平山, 38, 6.3, 140, 0.9, 2010-05-01, 9999-99-99, 35456, , , , 
東北, 山形, 35486, 小国, おぐに, OGUNI, 西置賜郡小国町増岡字下林, 38, 4.7, 139, 44.1, 2010-05-01, 9999-99-99, 35486, , , , 
東北, 山形, 35511, 高畠, たかはた, TAKAHATA, 東置賜郡高畠町安久津字加茂川原, 38, 0.2, 140, 12.4, 2010-05-01, 9999-99-99, 35511, , , , 
東北, 山形, 35541, 高峰, たかみね, TAKAMINE, 西置賜郡飯豊町高峰, 37, 59.4, 139, 57.2, 2010-05-01, 9999-99-99, 35541, , , , 
東北, 山形, 35552, 米沢, よねざわ, YONEZAWA, 米沢市アルカディア, 37, 54.7, 140, 8.6, 2010-05-01, 9999-99-99, 35552, , , , 
東北, 福島, 36056, 茂庭, もにわ, MONIWA, 福島市飯坂町茂庭字滑滝道, 37, 53.5, 140, 26.2, 2010-05-01, 9999-99-99, 36056, , , , 
東北, 福島, 36066, 梁川, やながわ, YANAGAWA, 伊達市梁川町粟野字作田, 37, 51.1, 140, 35.3, 2010-05-01, 9999-99-99, 36066, , , , 
東北, 福島, 36106, 桧原, ひばら, HIBARA, 耶麻郡北塩原村桧原字墓下, 37, 43.3, 140, 3.5, 2010-05-01, 9999-99-99, 36106, , , 2026-04-01, 9999-99-99
東北, 福島, 36126, 福島, ふくしま, FUKUSHIMA, 福島市松木町　福島地方気象台, 37, 45.5, 140, 28.2, 2010-05-01, 2021-03-18, 36126, , , , 
東北, 福島, 36127, 福島, ふくしま, FUKUSHIMA, 福島市松木町　福島地方気象台, 37, 45.5, 140, 28.2, 2021-03-18, 9999-99-99, 36126, 2025-04-01, 9999-99-99, , 
東北, 福島, 36151, 相馬, そうま, SOMA, 相馬市成田字五郎右エ門橋, 37, 47.0, 140, 55.5, 2010-05-01, 9999-99-99, 36151, , , , 
東北, 福島, 36176, 喜多方, きたかた, KITAKATA, 喜多方市字押切, 37, 39.5, 139, 51.8, 2010-05-01, 9999-99-99, 36176, , , , 
東北, 福島, 36196, 鷲倉, わしくら, WASHIKURA, 福島市土湯温泉町字鷲倉山国有林, 37, 40.1, 140, 15.6, 2010-05-01, 9999-99-99, 36196, , , 2026-04-01, 9999-99-99
東北, 福島, 36221, 飯舘, いいたて, IITATE, 相馬郡飯舘村飯樋字笠石, 37, 39.9, 140, 43.6, 2010-05-01, 9999-99-99, 36221, , , , 
東北, 福島, 36251, 西会津, にしあいづ, NISHIAIZU, 耶麻郡西会津町尾野本字樋ノ口原乙, 37, 35.3, 139, 39.4, 2010-05-01, 9999-99-99, 36251, , , , 
東北, 福島, 36276, 猪苗代, いなわしろ, INAWASHIRO, 耶麻郡猪苗代町大字千代田字中島, 37, 33.1, 140, 6.5, 2010-05-01, 9999-99-99, 36276, , , , 
東北, 福島, 36291, 二本松, にほんまつ, NIHOMMATSU, 二本松市金色久保, 37, 35.0, 140, 25.8, 2010-05-01, 9999-99-99, 36291, , , , 
東北, 福島, 36342, 金山, かねやま, KANEYAMA, 大沼郡金山町大字中川字沖根原, 37, 28.4, 139, 31.7, 2010-05-01, 9999-99-99, 36342, , , , 
東北, 福島, 36361, 若松, わかまつ, WAKAMATSU, 会津若松市材木町　若松特別地域気象観測所, 37, 29.3, 139, 54.6, 2010-05-01, 9999-99-99, 36361, , , , 
東北, 福島, 36391, 船引, ふねひき, FUNEHIKI, 田村市船引町船引字新房院, 37, 26.1, 140, 34.6, 2010-05-01, 9999-99-99, 36391, , , , 
東北, 福島, 36411, 浪江, なみえ, NAMIE, 双葉郡浪江町大字川添字北上ノ原, 37, 29.5, 140, 57.9, 2010-05-01, 9999-99-99, 36411, , , , 
東北, 福島, 36426, 只見, ただみ, TADAMI, 南会津郡只見町只見字原, 37, 20.6, 139, 18.8, 2010-05-01, 9999-99-99, 36426, , , , 
東北, 福島, 36476, 郡山, こおりやま, KOORIYAMA, 郡山市安積町成田字東丸山, 37, 22.1, 140, 19.8, 2010-05-01, 9999-99-99, 36476, , , , 
東北, 福島, 36501, 川内, かわうち, KAWAUCHI, 双葉郡川内村上川内字小山平, 37, 20.2, 140, 48.5, 2010-05-01, 9999-99-99, 36501, , , , 
東北, 福島, 36536, 南郷, なんごう, NANGO, 南会津郡南会津町界字梨木平, 37, 15.9, 139, 32.2, 2010-05-01, 9999-99-99, 36536, , , , 
東北, 福島, 36562, 湯本, ゆもと, YUMOTO, 岩瀬郡天栄村田良尾字持石, 37, 16.6, 140, 3.8, 2010-05-01, 9999-99-99, 36562, , , , 
東北, 福島, 36591, 小野新町, おのにいまち, ONONIIMACHI, 田村郡小野町小野新町字舘廻, 37, 17.2, 140, 37.5, 2010-05-01, 9999-99-99, 36591, , , , 
東北, 福島, 36611, 広野, ひろの, HIRONO, 双葉郡広野町下北迫字大谷地原, 37, 14.0, 141, 0.0, 2010-05-01, 9999-99-99, 36611, , , , 
東北, 福島, 36641, 田島, たじま, TAJIMA, 南会津郡南会津町田島字東下原, 37, 12.4, 139, 47.7, 2010-05-01, 9999-99-99, 36641, , , , 
東北, 福島, 36667, 白河, しらかわ, SHIRAKAWA, 白河市郭内　白河特別地域気象観測所, 37, 7.9, 140, 12.9, 2010-05-01, 9999-99-99, 36667, , , , 
東北, 福島, 36676, 石川, いしかわ, ISHIKAWA, 石川郡石川町双里字本宮, 37, 8.8, 140, 27.6, 2010-05-01, 9999-99-99, 36676, , , , 
東北, 福島, 36716, 桧枝岐, ひのえまた, HINOEMATA, 南会津郡檜枝岐村字上河原, 37, 0.6, 139, 22.5, 2010-05-01, 9999-99-99, 36716, , , 2026-04-01, 9999-99-99
東北, 福島, 36821, 東白川, ひがししらかわ, HIGASHISHIRAKAWA, 東白川郡塙町大字上石井字新田, 36, 56.3, 140, 24.5, 2010-05-01, 9999-99-99, 36821, , , , 
東北, 福島, 36836, 山田, やまだ, YAMADA, いわき市山田町大谷, 36, 56.0, 140, 44.0, 2010-05-01, 9999-99-99, 36836, , , , 
東北, 福島, 36846, 小名浜, おなはま, ONAHAMA, いわき市小名浜字船引場　小名浜特別地域気象観測所, 36, 56.8, 140, 54.2, 2010-05-01, 9999-99-99, 36846, , , , 
関東, 茨城, 40046, 北茨城, きたいばらき, KITAIBARAKI, 北茨城市関南町関本下, 36, 50.0, 140, 46.3, 2010-05-01, 9999-99-99, 40046, , , , 
関東, 茨城, 40061, 大子, だいご, DAIGO, 久慈郡大子町大子, 36, 46.7, 140, 20.7, 2010-05-01, 9999-99-99, 40061, , , , 
関東, 茨城, 40091, 常陸大宮, ひたちおおみや, HITACHIOMIYA, 常陸大宮市上小瀬, 36, 36.4, 140, 19.5, 2010-05-01, 9999-99-99, 40091, , , , 
関東, 茨城, 40136, 日立, ひたち, HITACHI, 日立市会瀬町, 36, 34.8, 140, 38.7, 2010-05-01, 9999-99-99, 40136, , , , 
関東, 茨城, 40191, 笠間, かさま, KASAMA, 笠間市箱田, 36, 23.7, 140, 14.4, 2010-05-01, 9999-99-99, 40191, , , , 
関東, 茨城, 40201, 水戸, みと, MITO, 水戸市金町　水戸地方気象台, 36, 22.8, 140, 28.0, 2010-05-01, 9999-99-99, 40201, 2025-04-01, 9999-99-99, , 
関東, 茨城, 40221, 古河, こが, KOGA, 古河市北町, 36, 12.1, 139, 43.0, 2010-05-01, 9999-99-99, 40221, , , , 
関東, 茨城, 40231, 下館, しもだて, SHIMODATE, 筑西市西石田, 36, 16.9, 139, 59.3, 2010-05-01, 9999-99-99, 40231, , , , 
関東, 茨城, 40281, 下妻, しもつま, SHIMOTSUMA, 下妻市二本紀, 36, 10.1, 139, 56.7, 2010-05-01, 9999-99-99, 40281, , , , 
関東, 茨城, 40311, 鉾田, ほこた, HOKOTA, 鉾田市安房, 36, 10.1, 140, 31.6, 2010-05-01, 9999-99-99, 40311, , , , 
関東, 茨城, 40336, つくば, つくば, TSUKUBA, つくば市長峰　高層気象台, 36, 3.4, 140, 7.5, 2010-05-01, 9999-99-99, 40336, , , , 
関東, 茨城, 40341, 土浦, つちうら, TSUCHIURA, 土浦市木田余東台, 36, 6.2, 140, 13.2, 2010-05-01, 9999-99-99, 40341, , , , 
関東, 茨城, 40406, 鹿嶋, かしま, KASHIMA, 鹿嶋市城山, 35, 57.8, 140, 37.3, 2010-05-01, 9999-99-99, 40406, , , , 
関東, 茨城, 40426, 龍ケ崎, りゅうがさき, RYUGASAKI, 龍ケ崎市大徳町, 35, 53.4, 140, 12.7, 2010-05-01, 9999-99-99, 40426, , , , 
関東, 栃木, 41011, 那須高原, なすこうげん, NASU-KOGEN, 那須郡那須町大島, 37, 7.4, 140, 2.1, 2010-05-01, 9999-99-99, 41011, , , 2026-04-01, 9999-99-99
関東, 栃木, 41076, 五十里, いかり, IKARI, 日光市五十里堀割, 36, 55.3, 139, 41.7, 2010-05-01, 9999-99-99, 41076, , , , 
関東, 栃木, 41091, 黒磯, くろいそ, KUROISO, 那須塩原市埼玉, 36, 58.9, 140, 1.1, 2010-05-01, 9999-99-99, 41091, , , , 
関東, 栃木, 41116, 土呂部, どろぶ, DOROBU, 日光市土呂部, 36, 53.5, 139, 34.1, 2010-05-01, 9999-99-99, 41116, , , 2026-04-01, 9999-99-99
関東, 栃木, 41141, 大田原, おおたわら, OTAWARA, 大田原市宇田川, 36, 50.4, 140, 2.1, 2010-05-01, 9999-99-99, 41141, , , , 
関東, 栃木, 41166, 奥日光, おくにっこう, OKUNIKKO, 日光市中宮祠　日光特別地域気象観測所, 36, 44.3, 139, 30.0, 2010-05-01, 9999-99-99, 41166, , , 2026-04-01, 9999-99-99
関東, 栃木, 41171, 今市, いまいち, IMAICHI, 日光市瀬川, 36, 43.6, 139, 40.6, 2010-05-01, 2022-11-15, 41171, , , , 
関東, 栃木, 41172, 日光東町, にっこうひがしまち, NIKKO-HIGASHIMACHI, 日光市稲荷町, 36, 45.0, 139, 36.9, 2022-11-16, 9999-99-99, 41172, , , , 
関東, 栃木, 41181, 塩谷, しおや, SHIOYA, 塩谷郡塩谷町大字田所, 36, 45.4, 139, 53.0, 2010-05-01, 9999-99-99, 41181, , , , 
関東, 栃木, 41247, 那須烏山, なすからすやま, NASU-KARASUYAMA, 那須烏山市森田字小塙前, 36, 38.5, 140, 7.0, 2010-05-01, 9999-99-99, 41247, , , , 
関東, 栃木, 41271, 鹿沼, かぬま, KANUMA, 鹿沼市見野, 36, 35.5, 139, 44.1, 2010-05-01, 9999-99-99, 41271, , , , 
関東, 栃木, 41277, 宇都宮, うつのみや, UTSUNOMIYA, 宇都宮市明保野町　宇都宮地方気象台, 36, 32.9, 139, 52.1, 2010-05-01, 9999-99-99, 41277, 2025-04-01, 9999-99-99, , 
関東, 栃木, 41331, 真岡, もおか, MOOKA, 真岡市下籠谷, 36, 28.6, 139, 59.2, 2010-05-01, 9999-99-99, 41331, , , , 
関東, 栃木, 41361, 佐野, さの, SANO, 佐野市田沼町, 36, 21.8, 139, 34.2, 2010-05-01, 9999-99-99, 41361, , , , 
関東, 栃木, 41376, 小山, おやま, OYAMA, 小山市出井, 36, 20.3, 139, 49.8, 2010-05-01, 9999-99-99, 41376, , , , 
関東, 群馬, 42046, 藤原, ふじわら, FUJIWARA, 利根郡みなかみ町藤原字屋倉, 36, 51.8, 139, 3.5, 2010-05-01, 9999-99-99, 42046, , , , 
関東, 群馬, 42091, みなかみ, みなかみ, MINAKAMI, 利根郡みなかみ町湯原, 36, 46.4, 138, 57.9, 2010-05-01, 9999-99-99, 42091, , , , 
関東, 群馬, 42121, 草津, くさつ, KUSATSU, 吾妻郡草津町草津, 36, 37.0, 138, 35.5, 2010-05-01, 9999-99-99, 42121, , , 2026-04-01, 9999-99-99
関東, 群馬, 42146, 沼田, ぬまた, NUMATA, 沼田市井土上町, 36, 40.1, 139, 1.3, 2010-05-01, 9999-99-99, 42146, , , , 
関東, 群馬, 42186, 中之条, なかのじょう, NAKANOJO, 吾妻郡中之条町伊勢町, 36, 35.2, 138, 51.0, 2010-05-01, 9999-99-99, 42186, , , , 
関東, 群馬, 42221, 田代, たしろ, TASHIRO, 吾妻郡嬬恋村田代, 36, 27.8, 138, 27.8, 2010-05-01, 9999-99-99, 42221, , , 2026-04-01, 9999-99-99
関東, 群馬, 42251, 前橋, まえばし, MAEBASHI, 前橋市昭和町　前橋地方気象台, 36, 24.3, 139, 3.6, 2010-05-01, 9999-99-99, 42251, 2025-04-01, 9999-99-99, , 
関東, 群馬, 42266, 桐生, きりゅう, KIRYU, 桐生市元宿町, 36, 24.6, 139, 19.5, 2010-05-01, 9999-99-99, 42266, , , , 
関東, 群馬, 42286, 上里見, かみさとみ, KAMISATOMI, 高崎市上里見町, 36, 22.6, 138, 53.7, 2010-05-01, 9999-99-99, 42286, , , , 
関東, 群馬, 42302, 伊勢崎, いせさき, ISESAKI, 伊勢崎市宮子町, 36, 19.9, 139, 9.9, 2010-05-01, 9999-99-99, 42302, , , , 
関東, 群馬, 42326, 西野牧, にしのまき, NISHI-NOMAKI, 甘楽郡下仁田町西野牧, 36, 14.7, 138, 42.4, 2010-05-01, 9999-99-99, 42326, , , , 
関東, 群馬, 42366, 館林, たてばやし, TATEBAYASHI, 館林市富士原町, 36, 14.4, 139, 30.8, 2010-05-01, 9999-99-99, 42366, , , , 
関東, 群馬, 42396, 神流, かんな, KANNA, 多野郡神流町大字黒田字坂井道下, 36, 6.5, 138, 53.8, 2010-05-01, 9999-99-99, 42396, , , , 
関東, 埼玉, 43051, 寄居, よりい, YORII, 大里郡寄居町大字折原, 36, 6.3, 139, 11.0, 2010-05-01, 9999-99-99, 43051, , , , 
関東, 埼玉, 43056, 熊谷, くまがや, KUMAGAYA, 熊谷市桜町　熊谷地方気象台, 36, 9.0, 139, 22.8, 2010-05-01, 9999-99-99, 43056, 2025-04-01, 9999-99-99, , 
関東, 埼玉, 43126, 久喜, くき, KUKI, 久喜市六万部, 36, 5.2, 139, 38.1, 2010-05-01, 9999-99-99, 43126, , , , 
関東, 埼玉, 43156, 秩父, ちちぶ, CHICHIBU, 秩父市上町　秩父特別地域気象観測所, 35, 59.4, 139, 4.4, 2010-05-01, 9999-99-99, 43156, , , , 
関東, 埼玉, 43171, 鳩山, はとやま, HATOYAMA, 比企郡鳩山町大字赤沼, 35, 59.1, 139, 20.1, 2010-05-01, 9999-99-99, 43171, , , , 
関東, 埼玉, 43241, さいたま, さいたま, SAITAMA, さいたま市桜区大字宿, 35, 52.5, 139, 35.2, 2010-05-01, 9999-99-99, 43241, , , , 
関東, 埼玉, 43256, 越谷, こしがや, KOSHIGAYA, 越谷市大字北後谷, 35, 53.0, 139, 45.4, 2010-05-01, 9999-99-99, 43256, , , , 
関東, 埼玉, 43266, 所沢, ところざわ, TOKOROZAWA, 所沢市勝楽寺, 35, 46.4, 139, 24.8, 2010-05-01, 9999-99-99, 43266, , , , 
関東, 東京, 44046, 小河内, おごうち, OGOCHI, 西多摩郡奥多摩町原, 35, 47.5, 139, 3.0, 2010-05-01, 9999-99-99, 44046, , , , 
関東, 東京, 44056, 青梅, おうめ, OME, 青梅市新町, 35, 47.3, 139, 18.7, 2010-05-01, 9999-99-99, 44056, , , , 
関東, 東京, 44071, 練馬, ねりま, NERIMA, 練馬区石神井台, 35, 44.3, 139, 35.5, 2012-12-26, 9999-99-99, 44071, 2010-05-01, 2012-10-31, , 
関東, 東京, 44076, 練馬, ねりま, NERIMA, 練馬区豊玉上, 35, 44.1, 139, 40.1, 2010-05-01, 2012-12-25, 44076, , , , 
関東, 東京, 44112, 八王子, はちおうじ, HACHIOJI, 八王子市元本郷町, 35, 40.0, 139, 19.0, 2010-05-01, 9999-99-99, 44112, 2010-05-01, 2012-10-31, , 
関東, 東京, 44116, 府中, ふちゅう, FUCHU, 府中市幸町, 35, 41.0, 139, 29.0, 2010-05-01, 9999-99-99, 44116, , , , 
関東, 東京, 44132, 東京, とうきょう, TOKYO, 文京区白山　小石川植物園, 35, 41.5, 139, 45.0, 2010-05-01, 9999-99-99, 44132, 2010-05-01, 9999-99-99, , 
関東, 東京, 44136, 江戸川臨海, えどがわりんかい, EDOGAWA-RINKAI, 江戸川区臨海町, 35, 38.3, 139, 51.8, 2010-05-01, 9999-99-99, 44136, , , , 
関東, 東京, 44172, 大島, おおしま, OSHIMA, 大島町元町字家の上　大島特別地域気象観測所, 34, 44.9, 139, 21.7, 2010-05-01, 9999-99-99, 44172, , , , 
関東, 東京, 44226, 三宅島, みやけじま, MIYAKEJIMA, 三宅村神着　三宅島特別地域気象観測所, 34, 7.4, 139, 31.2, 2010-05-01, 9999-99-99, 44226, , , , 
関東, 東京, 44263, 八丈島, はちじょうじま, HACHIJOJIMA, 八丈島八丈町大賀郷　八丈島特別地域気象観測所, 33, 7.3, 139, 46.7, 2010-05-01, 9999-99-99, 44263, , , , 
関東, 東京, 44301, 父島, ちちじま, CHICHIJIMA, 小笠原村父島字西町　父島気象観測所, 27, 5.5, 142, 11.4, 2010-05-01, 9999-99-99, 44301, , , , 
関東, 東京, 44356, 南鳥島, みなみとりしま, MINAMI-TORISHIMA, 小笠原村南鳥島　南鳥島気象観測所, 24, 17.3, 153, 59.0, 2010-05-01, 2013-10-31, 44356, , , , 
関東, 千葉, 45061, 我孫子, あびこ, ABIKO, 我孫子市新木野, 35, 51.8, 140, 6.6, 2010-05-01, 9999-99-99, 45061, , , , 
関東, 千葉, 45081, 香取, かとり, KATORI, 香取市大根, 35, 51.5, 140, 30.1, 2010-05-01, 9999-99-99, 45081, , , , 
関東, 千葉, 45106, 船橋, ふなばし, FUNABASHI, 船橋市薬円台, 35, 42.7, 140, 2.6, 2010-05-01, 9999-99-99, 45106, , , , 
関東, 千葉, 45116, 佐倉, さくら, SAKURA, 佐倉市角来, 35, 43.7, 140, 12.7, 2010-05-01, 9999-99-99, 45116, , , , 
関東, 千葉, 45147, 銚子, ちょうし, CHOSHI, 銚子市川口町　銚子地方気象台, 35, 44.3, 140, 51.4, 2010-05-01, 2023-12-06, 45147, , , , 
関東, 千葉, 45148, 銚子, ちょうし, CHOSHI, 銚子市川口町　銚子地方気象台, 35, 44.3, 140, 51.4, 2023-12-06, 9999-99-99, 45147, 2025-04-01, 9999-99-99, , 
関東, 千葉, 45181, 横芝光, よこしばひかり, YOKOSHIBAHIKARI, 山武郡横芝光町宮川, 35, 39.3, 140, 30.3, 2010-05-01, 9999-99-99, 45181, , , , 
関東, 千葉, 45212, 千葉, ちば, CHIBA, 千葉市中央区中央港　千葉特別地域気象観測所, 35, 36.1, 140, 6.2, 2010-05-01, 9999-99-99, 45212, , , , 
関東, 千葉, 45261, 茂原, もばら, MOBARA, 茂原市高師, 35, 26.2, 140, 17.6, 2010-05-01, 9999-99-99, 45261, , , , 
関東, 千葉, 45282, 木更津, きさらづ, KISARAZU, 木更津市請西南, 35, 21.7, 139, 56.4, 2010-05-01, 9999-99-99, 45282, , , , 
関東, 千葉, 45291, 牛久, うしく, USHIKU, 市原市米沢, 35, 23.8, 140, 8.9, 2010-05-01, 9999-99-99, 45291, , , , 
関東, 千葉, 45326, 坂畑, さかはた, SAKAHATA, 君津市坂畑, 35, 14.1, 140, 5.9, 2010-05-01, 9999-99-99, 45326, , , , 
関東, 千葉, 45361, 鴨川, かもがわ, KAMOGAWA, 鴨川市横渚, 35, 6.7, 140, 6.0, 2010-05-01, 9999-99-99, 45361, , , , 
関東, 千葉, 45371, 勝浦, かつうら, KATSUURA, 勝浦市墨名　勝浦特別地域気象観測所, 35, 9.0, 140, 18.7, 2010-05-01, 9999-99-99, 45371, , , , 
関東, 千葉, 45401, 館山, たてやま, TATEYAMA, 館山市長須賀　館山特別地域気象観測所, 34, 59.2, 139, 51.9, 2010-05-01, 9999-99-99, 45401, , , , 
関東, 神奈川, 46091, 海老名, えびな, EBINA, 海老名市中新田, 35, 26.0, 139, 23.2, 2010-05-01, 9999-99-99, 46091, , , , 
関東, 神奈川, 46106, 横浜, よこはま, YOKOHAMA, 横浜市中区山手町　横浜地方気象台, 35, 26.3, 139, 39.1, 2010-05-01, 9999-99-99, 46106, 2025-04-01, 9999-99-99, , 
関東, 神奈川, 46141, 辻堂, つじどう, TSUJIDO, 藤沢市辻堂西海岸, 35, 19.2, 139, 27.0, 2010-05-01, 9999-99-99, 46141, , , , 
関東, 神奈川, 46166, 小田原, おだわら, ODAWARA, 小田原市扇町, 35, 16.6, 139, 9.3, 2010-05-01, 9999-99-99, 46166, , , , 
関東, 神奈川, 46211, 三浦, みうら, MIURA, 三浦市初声町下宮田, 35, 10.7, 139, 37.8, 2010-05-01, 9999-99-99, 46211, , , , 
甲信, 長野, 48031, 野沢温泉, のざわおんせん, NOZAWAONSEN, 下高井郡野沢温泉村大字豊郷字南原, 36, 54.7, 138, 26.5, 2010-05-01, 9999-99-99, 48031, , , , 
甲信, 長野, 48061, 信濃町, しなのまち, SHINANOMACHI, 上水内郡信濃町柏原字小丸山, 36, 48.5, 138, 11.8, 2010-05-01, 9999-99-99, 48061, , , , 
甲信, 長野, 48066, 飯山, いいやま, IIYAMA, 飯山市大字飯山字大道東, 36, 52.5, 138, 22.5, 2010-05-01, 9999-99-99, 48066, , , , 
甲信, 長野, 48141, 白馬, はくば, HAKUBA, 北安曇郡白馬村北城, 36, 41.9, 137, 51.7, 2010-05-01, 9999-99-99, 48141, , , , 
甲信, 長野, 48156, 長野, ながの, NAGANO, 長野市箱清水　長野地方気象台, 36, 39.7, 138, 11.5, 2010-05-01, 9999-99-99, 48156, 2025-04-01, 9999-99-99, , 
甲信, 長野, 48191, 大町, おおまち, OMACHI, 大町市大町, 36, 31.4, 137, 49.9, 2010-05-01, 9999-99-99, 48191, , , , 
甲信, 長野, 48196, 信州新町, しんしゅうしんまち, SHINSHUSHIMMACHI, 長野市信州新町牧田中, 36, 32.9, 137, 59.8, 2010-05-01, 9999-99-99, 48196, , , , 
甲信, 長野, 48216, 菅平, すがだいら, SUGADAIRA, 上田市菅平高原, 36, 31.9, 138, 19.5, 2010-05-01, 9999-99-99, 48216, , , 2026-04-01, 9999-99-99
甲信, 長野, 48256, 上田, うえだ, UEDA, 上田市古里, 36, 24.0, 138, 15.9, 2010-05-01, 9999-99-99, 48256, , , , 
甲信, 長野, 48296, 穂高, ほたか, HOTAKA, 安曇野市穂高, 36, 20.6, 137, 52.9, 2010-05-01, 9999-99-99, 48296, , , , 
甲信, 長野, 48321, 東御, とうみ, TOMI, 東御市新張, 36, 23.0, 138, 23.0, 2010-05-01, 9999-99-99, 48321, , , , 
甲信, 長野, 48331, 軽井沢, かるいざわ, KARUIZAWA, 北佐久郡軽井沢町大字追分　軽井沢特別地域気象観測所, 36, 20.5, 138, 32.8, 2010-05-01, 9999-99-99, 48331, , , 2026-04-01, 9999-99-99
甲信, 長野, 48361, 松本, まつもと, MATSUMOTO, 松本市沢村　松本特別地域気象観測所, 36, 14.8, 137, 58.2, 2010-05-01, 9999-99-99, 48361, , , , 
甲信, 長野, 48381, 立科, たてしな, TATESHINA, 北佐久郡立科町芦田, 36, 16.3, 138, 18.8, 2010-05-01, 9999-99-99, 48381, , , , 
甲信, 長野, 48386, 佐久, さく, SAKU, 佐久市中込, 36, 14.8, 138, 28.6, 2010-05-01, 9999-99-99, 48386, , , , 
甲信, 長野, 48466, 奈川, ながわ, NAGAWA, 松本市奈川, 36, 5.3, 137, 41.0, 2010-05-01, 9999-99-99, 48466, , , , 
甲信, 長野, 48491, 諏訪, すわ, SUWA, 諏訪市湖岸通り　諏訪特別地域気象観測所, 36, 2.7, 138, 6.5, 2010-05-01, 9999-99-99, 48491, , , , 
甲信, 長野, 48531, 開田高原, かいだこうげん, KAIDAKOGEN, 木曽郡木曽町開田高原西野, 35, 56.3, 137, 36.1, 2010-05-01, 9999-99-99, 48531, , , 2026-04-01, 9999-99-99
甲信, 長野, 48536, 木祖薮原, きそやぶはら, KISO-YABUHARA, 木曽郡木祖村薮原, 35, 56.2, 137, 47.2, 2019-09-05, 9999-99-99, 48536, , , , 
甲信, 長野, 48541, 木曽平沢, きそひらさわ, KISO-HIRASAWA, 塩尻市大字木曽平沢, 35, 59.0, 137, 50.1, 2010-05-01, 2019-09-05, 48541, , , , 
甲信, 長野, 48546, 辰野, たつの, TATSUNO, 上伊那郡辰野町中央, 35, 59.0, 137, 59.0, 2010-05-01, 9999-99-99, 48546, , , , 
甲信, 長野, 48561, 原村, はらむら, HARAMURA, 諏訪郡原村向坂上, 35, 58.2, 138, 13.2, 2010-05-01, 9999-99-99, 48561, , , , 
甲信, 長野, 48571, 野辺山, のべやま, NOBEYAMA, 南佐久郡南牧村野辺山, 35, 56.9, 138, 28.3, 2010-05-01, 9999-99-99, 48571, , , 2026-04-01, 9999-99-99
甲信, 長野, 48606, 木曽福島, きそふくしま, KISOFUKUSHIMA, 木曽郡木曽町福島, 35, 50.4, 137, 41.3, 2010-05-01, 9999-99-99, 48606, , , , 
甲信, 長野, 48621, 伊那, いな, INA, 伊那市下新田, 35, 49.5, 137, 57.3, 2010-05-01, 9999-99-99, 48621, , , , 
甲信, 長野, 48717, 南木曽, なぎそ, NAGISO, 木曽郡南木曽町読書, 35, 36.6, 137, 37.2, 2010-05-01, 9999-99-99, 48717, , , , 
甲信, 長野, 48731, 飯島, いいじま, IIJIMA, 上伊那郡飯島町七久保, 35, 39.2, 137, 53.9, 2010-05-01, 9999-99-99, 48731, , , , 
甲信, 長野, 48767, 飯田, いいだ, IIDA, 飯田市高羽町　飯田特別地域気象観測所, 35, 31.4, 137, 49.3, 2010-05-01, 9999-99-99, 48767, , , , 
甲信, 長野, 48826, 浪合, なみあい, NAMIAI, 下伊那郡阿智村浪合, 35, 22.4, 137, 41.5, 2010-05-01, 9999-99-99, 48826, , , , 
甲信, 長野, 48841, 南信濃, みなみしなの, MINAMISHINANO, 飯田市南信濃和田字夜川瀬, 35, 19.3, 137, 55.9, 2010-05-01, 9999-99-99, 48841, , , , 
甲信, 山梨, 49036, 大泉, おおいずみ, OIZUMI, 北杜市大泉町谷戸, 35, 51.7, 138, 23.2, 2010-05-01, 9999-99-99, 49036, , , , 
甲信, 山梨, 49086, 韮崎, にらさき, NIRASAKI, 韮崎市大草町若尾, 35, 41.6, 138, 26.9, 2010-05-01, 9999-99-99, 49086, , , , 
甲信, 山梨, 49142, 甲府, こうふ, KOFU, 甲府市飯田　甲府地方気象台, 35, 40.0, 138, 33.2, 2010-05-01, 9999-99-99, 49142, 2025-04-01, 9999-99-99, , 
甲信, 山梨, 49151, 勝沼, かつぬま, KATSUNUMA, 甲州市勝沼町勝沼, 35, 39.8, 138, 43.5, 2010-05-01, 9999-99-99, 49151, , , , 
甲信, 山梨, 49161, 大月, おおつき, OTSUKI, 大月市大月, 35, 36.5, 138, 56.3, 2010-05-01, 9999-99-99, 49161, , , , 
甲信, 山梨, 49196, 古関, ふるせき, FURUSEKI, 甲府市古関町, 35, 31.7, 138, 36.9, 2010-05-01, 9999-99-99, 49196, , , , 
甲信, 山梨, 49236, 切石, きりいし, KIRIISHI, 南巨摩郡身延町切石, 35, 28.0, 138, 26.5, 2010-05-01, 9999-99-99, 49236, , , , 
甲信, 山梨, 49251, 河口湖, かわぐちこ, KAWAGUCHI-KO, 南都留郡富士河口湖町船津　河口湖特別地域気象観測所, 35, 30.0, 138, 45.6, 2010-05-01, 9999-99-99, 49251, , , 2026-04-01, 9999-99-99
甲信, 山梨, 49256, 山中, やまなか, YAMANAKA, 南都留郡山中湖村山中字梨ヶ原, 35, 26.2, 138, 50.2, 2010-05-01, 9999-99-99, 49256, , , 2026-04-01, 9999-99-99
甲信, 山梨, 49316, 南部, なんぶ, NAMBU, 南巨摩郡南部町南部, 35, 17.3, 138, 26.7, 2010-05-01, 9999-99-99, 49316, , , , 
東海, 静岡, 50106, 井川, いかわ, IKAWA, 静岡市葵区井川, 35, 13.0, 138, 13.3, 2010-05-01, 9999-99-99, 50106, , , 2026-04-01, 9999-99-99
東海, 静岡, 50136, 御殿場, ごてんば, GOTEMBA, 御殿場市萩原, 35, 18.3, 138, 55.6, 2010-05-01, 9999-99-99, 50136, , , , 
東海, 静岡, 50196, 富士, ふじ, FUJI, 富士市厚原, 35, 11.1, 138, 39.8, 2010-05-01, 9999-99-99, 50196, , , , 
東海, 静岡, 50206, 三島, みしま, MISHIMA, 三島市東本町　三島特別地域気象観測所, 35, 6.8, 138, 55.5, 2010-05-01, 9999-99-99, 50206, , , , 
東海, 静岡, 50226, 佐久間, さくま, SAKUMA, 浜松市天竜区佐久間町浦川, 35, 3.4, 137, 45.7, 2010-05-01, 9999-99-99, 50226, , , , 
東海, 静岡, 50241, 川根本町, かわねほんちょう, KAWANEHONCHO, 榛原郡川根本町田代, 35, 6.1, 138, 7.7, 2010-05-01, 9999-99-99, 50241, , , , 
東海, 静岡, 50261, 清水, しみず, SHIMIZU, 静岡市清水区興津中町, 35, 3.2, 138, 31.3, 2010-05-01, 9999-99-99, 50261, , , , 
東海, 静岡, 50281, 網代, あじろ, AJIRO, 熱海市網代　網代特別地域気象観測所, 35, 2.7, 139, 5.5, 2010-05-01, 9999-99-99, 50281, , , , 
東海, 静岡, 50331, 静岡, しずおか, SHIZUOKA, 静岡市駿河区曲金　静岡地方気象台, 34, 58.5, 138, 24.2, 2010-05-01, 9999-99-99, 50331, 2025-04-01, 9999-99-99, , 
東海, 静岡, 50386, 天竜, てんりゅう, TENRYU, 浜松市天竜区船明, 34, 53.4, 137, 48.8, 2010-05-01, 9999-99-99, 50386, , , , 
東海, 静岡, 50456, 浜松, はままつ, HAMAMATSU, 浜松市中央区高丘東　浜松特別地域気象観測所, 34, 45.2, 137, 42.7, 2010-05-01, 9999-99-99, 50456, , , , 
東海, 静岡, 50476, 菊川牧之原, きくがわまきのはら, KIKUGAWA-MAKINOHARA, 菊川市倉沢, 34, 47.1, 138, 8.3, 2010-05-01, 9999-99-99, 50476, , , , 
東海, 静岡, 50491, 松崎, まつざき, MATSUZAKI, 賀茂郡松崎町江奈, 34, 45.3, 138, 47.0, 2010-05-01, 9999-99-99, 50491, , , , 
東海, 静岡, 50506, 稲取, いなとり, INATORI, 賀茂郡東伊豆町稲取, 34, 46.9, 139, 2.9, 2010-05-01, 9999-99-99, 50506, , , , 
東海, 静岡, 50536, 磐田, いわた, IWATA, 磐田市南島, 34, 41.5, 137, 52.8, 2010-05-01, 9999-99-99, 50536, , , , 
東海, 静岡, 50551, 御前崎, おまえざき, OMAEZAKI, 御前崎市御前崎　御前崎特別地域気象観測所, 34, 36.2, 138, 12.8, 2010-05-01, 9999-99-99, 50551, , , , 
東海, 静岡, 50561, 石廊崎, いろうざき, IROZAKI, 賀茂郡南伊豆町石廊崎石室山　石廊崎特別地域気象観測所, 34, 36.2, 138, 50.5, 2010-05-01, 9999-99-99, 50561, , , , 
東海, 愛知, 51031, 愛西, あいさい, AISAI, 愛西市江西町川原, 35, 13.0, 136, 41.9, 2010-05-01, 9999-99-99, 51031, , , , 
東海, 愛知, 51071, 稲武, いなぶ, INABU, 豊田市稲武町スソガエト, 35, 12.7, 137, 30.4, 2010-05-01, 9999-99-99, 51071, , , , 
東海, 愛知, 51106, 名古屋, なごや, NAGOYA, 名古屋市千種区日和町　名古屋地方気象台, 35, 10.0, 136, 57.9, 2010-05-01, 9999-99-99, 51106, 2010-05-01, 9999-99-99, , 
東海, 愛知, 51116, 豊田, とよた, TOYOTA, 豊田市高町東山, 35, 7.9, 137, 10.6, 2010-05-01, 9999-99-99, 51116, , , , 
東海, 愛知, 51161, 東海, とうかい, TOKAI, 東海市中央町, 35, 1.4, 136, 54.1, 2010-05-01, 2012-10-17, 51161, , , , 
東海, 愛知, 51216, 大府, おおぶ, OBU, 大府市森岡町, 34, 59.7, 136, 56.6, 2012-10-17, 9999-99-99, 51216, , , , 
東海, 愛知, 51226, 岡崎, おかざき, OKAZAKI, 岡崎市美合町地蔵野, 34, 55.1, 137, 11.6, 2010-05-01, 9999-99-99, 51226, , , , 
東海, 愛知, 51247, 新城, しんしろ, SHINSHIRO, 新城市富沢字広瀬, 34, 54.4, 137, 31.1, 2010-05-01, 9999-99-99, 51247, , , , 
東海, 愛知, 51281, 蒲郡, がまごおり, GAMAGOORI, 蒲郡市神ノ郷町上名取, 34, 50.7, 137, 13.0, 2010-05-01, 9999-99-99, 51281, , , , 
東海, 愛知, 51311, 南知多, みなみちた, MINAMICHITA, 知多郡南知多町大字豊丘字浜見台, 34, 44.4, 136, 56.3, 2010-05-01, 9999-99-99, 51311, , , , 
東海, 愛知, 51331, 豊橋, とよはし, TOYOHASHI, 豊橋市神野新田町字レノ割, 34, 45.0, 137, 20.5, 2010-05-01, 9999-99-99, 51331, , , , 
東海, 愛知, 51346, 伊良湖, いらこ, IRAKO, 田原市福江町字金五郎坂　伊良湖特別地域気象観測所, 34, 37.7, 137, 5.6, 2010-05-01, 9999-99-99, 51346, , , , 
東海, 岐阜, 52041, 河合, かわい, KAWAI, 飛騨市河合町角川, 36, 18.3, 137, 6.0, 2010-05-01, 9999-99-99, 52041, , , , 
東海, 岐阜, 52051, 神岡, かみおか, KAMIOKA, 飛騨市神岡町殿, 36, 19.3, 137, 18.5, 2010-05-01, 9999-99-99, 52051, , , , 
東海, 岐阜, 52081, 白川, しらかわ, SHIRAKAWA, 大野郡白川村鳩谷字北長, 36, 16.4, 136, 53.8, 2010-05-01, 9999-99-99, 52081, , , , 
東海, 岐阜, 52111, 栃尾, とちお, TOCHIO, 高山市奥飛騨温泉郷今見, 36, 14.9, 137, 30.2, 2010-05-01, 9999-99-99, 52111, , , , 
東海, 岐阜, 52146, 高山, たかやま, TAKAYAMA, 高山市桐生町　高山特別地域気象観測所, 36, 9.3, 137, 15.2, 2010-05-01, 9999-99-99, 52146, , , , 
東海, 岐阜, 52181, 六厩, むまや, MUMAYA, 高山市荘川町六厩, 36, 3.6, 137, 2.1, 2010-05-01, 9999-99-99, 52181, , , 2026-04-01, 9999-99-99
東海, 岐阜, 52196, 宮之前, みやのまえ, MIYANOMAE, 高山市朝日町宮之前, 36, 0.9, 137, 23.3, 2010-05-01, 9999-99-99, 52196, , , 2026-04-01, 9999-99-99
東海, 岐阜, 52221, 長滝, ながたき, NAGATAKI, 郡上市白鳥町長滝字三昧, 35, 55.4, 136, 49.9, 2010-05-01, 9999-99-99, 52221, , , , 
東海, 岐阜, 52286, 萩原, はぎわら, HAGIWARA, 下呂市萩原町羽根, 35, 53.3, 137, 12.4, 2010-05-01, 9999-99-99, 52286, , , , 
東海, 岐阜, 52331, 八幡, はちまん, HACHIMAN, 郡上市八幡町旭田尻, 35, 45.4, 136, 58.7, 2010-05-01, 9999-99-99, 52331, , , , 
東海, 岐阜, 52346, 宮地, みやじ, MIYAJI, 下呂市宮地, 35, 45.8, 137, 17.3, 2010-05-01, 9999-99-99, 52346, , , , 
東海, 岐阜, 52381, 樽見, たるみ, TARUMI, 本巣市根尾神所, 35, 38.3, 136, 36.1, 2010-05-01, 9999-99-99, 52381, , , , 
東海, 岐阜, 52406, 金山, かなやま, KANAYAMA, 下呂市金山町大船渡, 35, 39.7, 137, 9.6, 2010-05-01, 9999-99-99, 52406, , , , 
東海, 岐阜, 52461, 美濃, みの, MINO, 美濃市前野中川原, 35, 33.3, 136, 54.6, 2010-05-01, 9999-99-99, 52461, , , , 
東海, 岐阜, 52482, 黒川, くろかわ, KUROKAWA, 加茂郡白川町黒川, 35, 35.9, 137, 19.1, 2010-05-01, 9999-99-99, 52482, , , , 
東海, 岐阜, 52511, 揖斐川, いびがわ, IBIGAWA, 揖斐郡揖斐川町三輪, 35, 29.1, 136, 34.0, 2010-05-01, 9999-99-99, 52511, , , , 
東海, 岐阜, 52536, 美濃加茂, みのかも, MINOKAMO, 美濃加茂市西町, 35, 26.7, 137, 0.3, 2010-05-01, 9999-99-99, 52536, , , , 
東海, 岐阜, 52556, 恵那, えな, ENA, 恵那市長島町永田大洞, 35, 26.8, 137, 24.2, 2010-05-01, 9999-99-99, 52556, , , , 
東海, 岐阜, 52557, 中津川, なかつがわ, NAKATSUGAWA, 中津川市手賀野, 35, 28.6, 137, 29.2, 2010-05-01, 9999-99-99, 52557, , , , 
東海, 岐阜, 52571, 関ケ原, せきがはら, SEKIGAHARA, 不破郡関ケ原町関ケ原, 35, 21.8, 136, 28.0, 2010-05-01, 9999-99-99, 52571, , , , 
東海, 岐阜, 52581, 大垣, おおがき, OGAKI, 大垣市禾森町, 35, 20.8, 136, 37.2, 2010-05-01, 9999-99-99, 52581, , , , 
東海, 岐阜, 52586, 岐阜, ぎふ, GIFU, 岐阜市加納二之丸　岐阜地方気象台, 35, 24.0, 136, 45.7, 2010-05-01, 9999-99-99, 52586, 2025-04-01, 9999-99-99, , 
東海, 岐阜, 52606, 多治見, たじみ, TAJIMI, 多治見市光ケ丘, 35, 20.8, 137, 6.5, 2010-05-01, 9999-99-99, 52606, , , , 
東海, 三重, 53041, 桑名, くわな, KUWANA, 桑名市大字江場字正金縄, 35, 3.0, 136, 41.6, 2010-05-01, 9999-99-99, 53041, , , , 
東海, 三重, 53061, 四日市, よっかいち, YOKKAICHI, 四日市市日永　四日市特別地域気象観測所, 34, 56.4, 136, 34.8, 2010-05-01, 9999-99-99, 53061, , , , 
東海, 三重, 53091, 亀山, かめやま, KAMEYAMA, 亀山市椿世町, 34, 52.2, 136, 27.2, 2010-05-01, 9999-99-99, 53091, , , , 
東海, 三重, 53112, 上野, うえの, UENO, 伊賀市緑ケ丘本町　上野特別地域気象観測所, 34, 45.7, 136, 8.5, 2010-05-01, 9999-99-99, 53112, , , , 
東海, 三重, 53132, 津, つ, TSU, 津市島崎町　津地方気象台, 34, 44.0, 136, 31.1, 2010-05-01, 2011-10-20, 53132, , , , 
東海, 三重, 53133, 津, つ, TSU, 津市島崎町　津地方気象台, 34, 44.0, 136, 31.1, 2011-10-20, 9999-99-99, 53133, 2025-04-01, 9999-99-99, , 
東海, 三重, 53196, 小俣, おばた, OBATA, 伊勢市小俣町明野, 34, 31.7, 136, 39.9, 2010-05-01, 9999-99-99, 53196, , , , 
東海, 三重, 53231, 粥見, かゆみ, KAYUMI, 松阪市飯南町粥見, 34, 26.9, 136, 23.4, 2010-05-01, 9999-99-99, 53231, , , , 
東海, 三重, 53257, 鳥羽, とば, TOBA, 鳥羽市鳥羽, 34, 28.9, 136, 49.5, 2010-05-01, 9999-99-99, 53257, , , , 
東海, 三重, 53296, 南伊勢, みなみいせ, MINAMIISE, 度会郡南伊勢町船越, 34, 20.7, 136, 40.9, 2010-05-01, 9999-99-99, 53296, , , , 
東海, 三重, 53326, 紀伊長島, きいながしま, KII-NAGASHIMA, 北牟婁郡紀北町長島, 34, 12.5, 136, 19.6, 2010-05-01, 9999-99-99, 53326, , , , 
東海, 三重, 53378, 尾鷲, おわせ, OWASE, 尾鷲市南陽町　尾鷲特別地域気象観測所, 34, 4.1, 136, 11.6, 2010-05-01, 9999-99-99, 53378, , , , 
東海, 三重, 53401, 熊野新鹿, くまのあたしか, KUMANOATASHIKA, 熊野市新鹿町, 33, 55.9, 136, 8.3, 2010-05-01, 9999-99-99, 53401, , , , 
北陸, 新潟, 54011, 粟島, あわしま, AWASHIMA, 岩船郡粟島浦村字内浦, 38, 27.7, 139, 15.1, 2010-05-01, 2016-05-31, 54011, , , , 
北陸, 新潟, 54012, 粟島, あわしま, AWASHIMA, 岩船郡粟島浦村字内浦, 38, 27.9, 139, 15.2, 2016-05-31, 9999-99-99, 54012, , , , 
北陸, 新潟, 54041, 弾崎, はじきざき, HAGIKIZAKI, 佐渡市鷲崎字弾崎, 38, 19.8, 138, 30.7, 2010-05-01, 9999-99-99, 54041, , , , 
北陸, 新潟, 54086, 村上, むらかみ, MURAKAMI, 村上市三之町, 38, 13.6, 139, 28.7, 2010-05-01, 9999-99-99, 54086, , , , 
北陸, 新潟, 54157, 相川, あいかわ, AIKAWA, 佐渡市相川三町目新浜町　相川特別地域気象観測所, 38, 1.7, 138, 14.4, 2010-05-01, 9999-99-99, 54157, , , , 
北陸, 新潟, 54166, 両津, りょうつ, RYOTSU, 佐渡市両津湊, 38, 4.4, 138, 26.4, 2010-05-01, 9999-99-99, 54166, , , , 
北陸, 新潟, 54181, 中条, なかじょう, NAKAJO, 胎内市清水, 38, 4.6, 139, 23.3, 2010-05-01, 9999-99-99, 54181, , , , 
北陸, 新潟, 54191, 下関, しもせき, SHIMOSEKI, 岩船郡関川村下関, 38, 5.5, 139, 33.8, 2010-05-01, 9999-99-99, 54191, , , , 
北陸, 新潟, 54232, 新潟, にいがた, NIIGATA, 新潟市中央区美咲町　新潟地方気象台, 37, 53.6, 139, 1.1, 2010-05-01, 9999-99-99, 54232, 2010-05-01, 9999-99-99, , 
北陸, 新潟, 54271, 羽茂, はもち, HAMOCHI, 佐渡市羽茂本郷, 37, 50.5, 138, 18.8, 2010-05-01, 9999-99-99, 54271, , , , 
北陸, 新潟, 54296, 新津, にいつ, NIITSU, 新潟市秋葉区小戸上組, 37, 47.5, 139, 5.2, 2010-05-01, 9999-99-99, 54296, , , , 
北陸, 新潟, 54341, 巻, まき, MAKI, 新潟市西蒲区巻甲, 37, 46.1, 138, 54.8, 2010-05-01, 9999-99-99, 54341, , , , 
北陸, 新潟, 54387, 寺泊, てらどまり, TERADOMARI, 長岡市寺泊二の関, 37, 38.4, 138, 46.0, 2010-05-01, 9999-99-99, 54387, , , , 
北陸, 新潟, 54396, 三条, さんじょう, SANJO, 三条市西裏館, 37, 38.4, 138, 57.3, 2010-05-01, 9999-99-99, 54396, , , , 
北陸, 新潟, 54421, 津川, つがわ, TSUGAWA, 東蒲原郡阿賀町津川, 37, 40.3, 139, 26.8, 2010-05-01, 9999-99-99, 54421, , , , 
北陸, 新潟, 54501, 長岡, ながおか, NAGAOKA, 長岡市緑町, 37, 27.0, 138, 49.4, 2010-05-01, 9999-99-99, 54501, , , , 
北陸, 新潟, 54541, 柏崎, かしわざき, KASHIWAZAKI, 柏崎市元城町, 37, 21.1, 138, 33.2, 2010-05-01, 9999-99-99, 54541, , , , 
北陸, 新潟, 54566, 守門, すもん, SUMON, 魚沼市西名, 37, 20.8, 139, 2.6, 2010-05-01, 9999-99-99, 54566, , , , 
北陸, 新潟, 54586, 大潟, おおがた, OGATA, 上越市大潟区土底浜, 37, 13.5, 138, 19.5, 2010-05-01, 9999-99-99, 54586, , , , 
北陸, 新潟, 54616, 小出, こいで, KOIDE, 魚沼市佐梨, 37, 13.6, 138, 57.8, 2010-05-01, 9999-99-99, 54616, , , , 
北陸, 新潟, 54651, 高田, たかだ, TAKADA, 上越市大手町　高田特別地域気象観測所, 37, 6.4, 138, 14.8, 2010-05-01, 9999-99-99, 54651, , , , 
北陸, 新潟, 54661, 安塚, やすづか, YASUZUKA, 上越市安塚区和田, 37, 6.4, 138, 27.4, 2010-05-01, 9999-99-99, 54661, , , , 
北陸, 新潟, 54676, 十日町, とおかまち, TOKAMACHI, 十日町市小泉字北原, 37, 8.6, 138, 43.6, 2010-05-01, 9999-99-99, 54676, , , , 
北陸, 新潟, 54711, 糸魚川, いといがわ, ITOIGAWA, 糸魚川市東寺町, 37, 2.6, 137, 52.5, 2010-05-01, 9999-99-99, 54711, , , , 
北陸, 新潟, 54721, 能生, のう, NO, 糸魚川市大字平, 37, 5.0, 138, 1.4, 2010-05-01, 9999-99-99, 54721, , , , 
北陸, 新潟, 54816, 関山, せきやま, SEKIYAMA, 妙高市大字関山字原田, 36, 56.0, 138, 13.3, 2010-05-01, 9999-99-99, 54816, , , , 
北陸, 新潟, 54836, 津南, つなん, TSUNAN, 中魚沼郡津南町中深見乙, 36, 59.8, 138, 41.0, 2010-05-01, 9999-99-99, 54836, , , , 
北陸, 新潟, 54841, 湯沢, ゆざわ, YUZAWA, 南魚沼郡湯沢町湯沢字中島川原, 36, 56.5, 138, 48.6, 2010-05-01, 9999-99-99, 54841, , , , 
北陸, 富山, 55021, 泊, とまり, TOMARI, 下新川郡朝日町東草野, 36, 57.1, 137, 33.1, 2010-05-01, 2017-09-26, 55021, , , , 
北陸, 富山, 55022, 朝日, あさひ, ASAHI, 下新川郡朝日町南保町, 36, 56.2, 137, 33.8, 2017-09-27, 9999-99-99, 55022, , , , 
北陸, 富山, 55041, 氷見, ひみ, HIMI, 氷見市大浦, 36, 49.5, 136, 58.1, 2010-05-01, 9999-99-99, 55041, , , , 
北陸, 富山, 55056, 魚津, うおづ, UOZU, 魚津市六郎丸, 36, 49.3, 137, 25.7, 2010-05-01, 9999-99-99, 55056, , , , 
北陸, 富山, 55091, 伏木, ふしき, FUSHIKI, 高岡市伏木古国府　伏木特別地域気象観測所, 36, 47.5, 137, 3.3, 2010-05-01, 9999-99-99, 55091, , , , 
北陸, 富山, 55102, 富山, とやま, TOYAMA, 富山市石坂　富山地方気象台, 36, 42.5, 137, 12.1, 2010-05-01, 9999-99-99, 55102, 2025-04-01, 9999-99-99, , 
北陸, 富山, 55141, 砺波, となみ, TONAMI, 砺波市五郎丸, 36, 36.6, 136, 57.3, 2010-05-01, 9999-99-99, 55141, , , , 
北陸, 富山, 55166, 上市, かみいち, KAMIICHI, 中新川郡上市町東種, 36, 40.2, 137, 25.4, 2010-05-01, 9999-99-99, 55166, , , , 
北陸, 富山, 55191, 南砺高宮, なんとたかみや, NANTOTAKAMIYA, 南砺市高宮, 36, 32.7, 136, 52.3, 2010-05-01, 9999-99-99, 55191, , , , 
北陸, 富山, 55206, 八尾, やつお, YATSUO, 富山市八尾町樫尾, 36, 34.2, 137, 9.5, 2010-05-01, 9999-99-99, 55206, , , , 
北陸, 石川, 56036, 珠洲, すず, SUZU, 珠洲市正院町正院, 37, 26.8, 137, 17.2, 2010-05-01, 9999-99-99, 56036, , , , 
北陸, 石川, 56052, 輪島, わじま, WAJIMA, 輪島市鳳至町畠田　輪島特別地域気象観測所, 37, 23.4, 136, 53.7, 2010-05-01, 9999-99-99, 56052, , , , 
北陸, 石川, 56116, 志賀, しか, SHIKA, 羽咋郡志賀町富来領家町甲, 37, 8.6, 136, 43.5, 2010-05-01, 9999-99-99, 56116, , , , 
北陸, 石川, 56146, 七尾, ななお, NANAO, 七尾市万行町43の部, 37, 1.8, 136, 59.5, 2010-05-01, 9999-99-99, 56146, , , , 
北陸, 石川, 56176, 羽咋, はくい, HAKUI, 羽咋市旭町, 36, 53.6, 136, 46.6, 2010-05-01, 9999-99-99, 56176, , , , 
北陸, 石川, 56186, かほく, かほく, KAHOKU, かほく市内日角井, 36, 42.7, 136, 41.5, 2010-05-01, 9999-99-99, 56186, , , , 
北陸, 石川, 56227, 金沢, かなざわ, KANAZAWA, 金沢市西念　金沢地方気象台, 36, 35.3, 136, 38.0, 2010-05-01, 9999-99-99, 56227, 2025-04-01, 9999-99-99, , 
北陸, 石川, 56276, 小松, こまつ, KOMATSU, 小松市今江町, 36, 22.9, 136, 26.1, 2010-05-01, 9999-99-99, 56276, , , , 
北陸, 石川, 56286, 白山河内, はくさんかわち, HAKUSAN-KAWACHI, 白山市河内町福岡, 36, 23.8, 136, 37.2, 2010-05-01, 9999-99-99, 56286, , , , 
北陸, 石川, 56301, 加賀中津原, かがなかつはら, KAGA-NAKATSUHARA, 加賀市山中温泉中津原町, 36, 15.7, 136, 23.8, 2010-05-01, 9999-99-99, 56301, , , , 
北陸, 福井, 57001, 三国, みくに, MIKUNI, 坂井市三国町平山, 36, 14.6, 136, 10.4, 2010-05-01, 9999-99-99, 57001, , , , 
北陸, 福井, 57051, 越廼, こしの, KOSHINO, 福井市居倉町, 36, 0.7, 135, 59.4, 2010-05-01, 9999-99-99, 57051, , , , 
北陸, 福井, 57066, 福井, ふくい, FUKUI, 福井市豊島　福井地方気象台, 36, 3.3, 136, 13.3, 2010-05-01, 9999-99-99, 57066, 2025-04-01, 9999-99-99, , 
北陸, 福井, 57082, 勝山, かつやま, KATSUYAMA, 勝山市平泉寺町平泉寺86字岡道北, 36, 2.3, 136, 31.3, 2010-05-01, 9999-99-99, 57082, , , , 
北陸, 福井, 57121, 大野, おおの, ONO, 大野市93字蛇塚四, 35, 58.3, 136, 29.8, 2010-05-01, 9999-99-99, 57121, , , , 
北陸, 福井, 57206, 今庄, いまじょう, IMAJO, 南条郡南越前町今庄, 35, 46.0, 136, 12.0, 2010-05-01, 9999-99-99, 57206, , , , 
北陸, 福井, 57248, 敦賀, つるが, TSURUGA, 敦賀市松栄町　敦賀特別地域気象観測所, 35, 39.2, 136, 3.7, 2010-05-01, 9999-99-99, 57248, , , , 
北陸, 福井, 57286, 美浜, みはま, MIHAMA, 三方郡美浜町久々子, 35, 36.0, 135, 55.0, 2010-05-01, 9999-99-99, 57286, , , , 
北陸, 福井, 57317, 小浜, おばま, OBAMA, 小浜市遠敷, 35, 29.0, 135, 46.9, 2010-05-01, 9999-99-99, 57317, , , , 
近畿, 滋賀, 60051, 今津, いまづ, IMAZU, 高島市今津町弘川, 35, 24.7, 136, 1.7, 2010-05-01, 9999-99-99, 60051, , , , 
近畿, 滋賀, 60061, 長浜, ながはま, NAGAHAMA, 長浜市唐国町, 35, 25.4, 136, 14.5, 2010-05-01, 9999-99-99, 60061, , , , 
近畿, 滋賀, 60102, 米原, まいばら, MAIBARA, 米原市朝日, 35, 23.0, 136, 20.6, 2010-05-01, 9999-99-99, 60102, , , , 
近畿, 滋賀, 60116, 南小松, みなみこまつ, MINAMIKOMATSU, 大津市南小松, 35, 14.1, 135, 57.4, 2010-05-01, 9999-99-99, 60116, , , , 
近畿, 滋賀, 60131, 彦根, ひこね, HIKONE, 彦根市城町　彦根地方気象台, 35, 16.5, 136, 14.6, 2010-05-01, 9999-99-99, 60131, 2025-04-01, 9999-99-99, , 
近畿, 滋賀, 60196, 東近江, ひがしおうみ, HIGASHIOMI, 東近江市桜川東町, 35, 3.7, 136, 11.4, 2010-05-01, 9999-99-99, 60196, , , , 
近畿, 滋賀, 60216, 大津, おおつ, OTSU, 大津市萱野浦, 34, 59.5, 135, 54.7, 2010-05-01, 9999-99-99, 60216, , , , 
近畿, 滋賀, 60226, 信楽, しがらき, SHIGARAKI, 甲賀市信楽町牧, 34, 54.8, 136, 4.8, 2010-05-01, 9999-99-99, 60226, , , , 
近畿, 滋賀, 60236, 土山, つちやま, TSUCHIYAMA, 甲賀市土山町北土山, 34, 56.3, 136, 16.7, 2010-05-01, 9999-99-99, 60236, , , , 
近畿, 京都, 61001, 間人, たいざ, TAIZA, 京丹後市丹後町間人小字新ヶ皿, 35, 44.2, 135, 5.2, 2010-05-01, 9999-99-99, 61001, , , , 
近畿, 京都, 61076, 宮津, みやづ, MIYAZU, 宮津市字上司, 35, 33.0, 135, 14.1, 2010-05-01, 9999-99-99, 61076, , , , 
近畿, 京都, 61111, 舞鶴, まいづる, MAIZURU, 舞鶴市字下福井　舞鶴特別地域気象観測所, 35, 27.0, 135, 19.0, 2010-05-01, 9999-99-99, 61111, , , , 
近畿, 京都, 61187, 福知山, ふくちやま, FUKUCHIYAMA, 福知山市字荒河, 35, 18.7, 135, 6.8, 2010-05-01, 9999-99-99, 61187, , , , 
近畿, 京都, 61206, 美山, みやま, MIYAMA, 南丹市美山町静原桧野, 35, 16.5, 135, 33.0, 2010-05-01, 9999-99-99, 61206, , , , 
近畿, 京都, 61242, 園部, そのべ, SONOBE, 南丹市園部町黒田, 35, 6.5, 135, 27.3, 2010-05-01, 9999-99-99, 61242, , , , 
近畿, 京都, 61286, 京都, きょうと, KYOTO, 京都市中京区西ノ京笠殿町　京都地方気象台, 35, 0.8, 135, 43.9, 2010-05-01, 9999-99-99, 61286, 2025-04-01, 9999-99-99, , 
近畿, 京都, 61326, 京田辺, きょうたなべ, KYOTANABE, 京田辺市薪西浜, 34, 49.8, 135, 45.6, 2010-05-01, 9999-99-99, 61326, , , , 
近畿, 大阪, 62016, 能勢, のせ, NOSE, 豊能郡能勢町地黄, 34, 56.9, 135, 27.3, 2010-05-01, 9999-99-99, 62016, , , , 
近畿, 大阪, 62046, 枚方, ひらかた, HIRAKATA, 枚方市星丘, 34, 48.5, 135, 40.3, 2010-05-01, 9999-99-99, 62046, , , , 
近畿, 大阪, 62078, 大阪, おおさか, OSAKA, 大阪市中央区大手前　大阪管区気象台, 34, 40.9, 135, 31.1, 2010-05-01, 9999-99-99, 62078, 2010-05-01, 9999-99-99, , 
近畿, 大阪, 62081, 生駒山, いこまやま, IKOMAYAMA, 東大阪市山手町, 34, 40.5, 135, 40.6, 2010-05-01, 9999-99-99, 62081, , , , 
近畿, 大阪, 62091, 堺, さかい, SAKAI, 堺市堺区百舌鳥夕雲町, 34, 33.3, 135, 29.1, 2010-05-01, 9999-99-99, 62091, , , , 
近畿, 大阪, 62131, 熊取, くまとり, KUMATORI, 泉南郡熊取町朝代西, 34, 23.1, 135, 21.0, 2010-05-01, 9999-99-99, 62131, , , , 
近畿, 兵庫, 63016, 香住, かすみ, KASUMI, 美方郡香美町香住区森, 35, 37.5, 134, 37.6, 2010-05-01, 9999-99-99, 63016, , , , 
近畿, 兵庫, 63051, 豊岡, とよおか, TOYO-OKA, 豊岡市桜町　豊岡特別地域気象観測所, 35, 32.1, 134, 49.3, 2010-05-01, 9999-99-99, 63051, , , , 
近畿, 兵庫, 63071, 兎和野高原, うわのこうげん, UWANOKOGEN, 美方郡香美町村岡区宿字菟臥野, 35, 25.9, 134, 35.0, 2010-05-01, 9999-99-99, 63071, , , , 
近畿, 兵庫, 63121, 和田山, わだやま, WADAYAMA, 朝来市和田山町枚田, 35, 19.4, 134, 50.9, 2010-05-01, 9999-99-99, 63121, , , , 
近畿, 兵庫, 63201, 生野, いくの, IKUNO, 朝来市生野町口銀谷, 35, 10.0, 134, 47.5, 2010-05-01, 9999-99-99, 63201, , , , 
近畿, 兵庫, 63216, 柏原, かいばら, KAIBARA, 丹波市柏原町柏原, 35, 8.2, 135, 3.9, 2010-05-01, 9999-99-99, 63216, , , , 
近畿, 兵庫, 63251, 一宮, いちのみや, ICHINOMIYA, 宍粟市一宮町東市場, 35, 5.8, 134, 35.1, 2010-05-01, 9999-99-99, 63251, , , , 
近畿, 兵庫, 63321, 福崎, ふくさき, FUKUSAKI, 神崎郡福崎町福崎新, 34, 57.0, 134, 44.9, 2010-05-01, 9999-99-99, 63321, , , , 
近畿, 兵庫, 63331, 西脇, にしわき, NISHIWAKI, 西脇市上比延町, 34, 59.9, 134, 59.8, 2010-05-01, 9999-99-99, 63331, , , , 
近畿, 兵庫, 63366, 上郡, かみごおり, KAMIGORI, 赤穂郡上郡町与井, 34, 51.5, 134, 22.4, 2010-05-01, 9999-99-99, 63366, , , , 
近畿, 兵庫, 63383, 姫路, ひめじ, HIMEJI, 姫路市神子岡前　姫路特別地域気象観測所, 34, 50.3, 134, 40.2, 2010-05-01, 9999-99-99, 63383, , , , 
近畿, 兵庫, 63411, 三田, さんだ, SANDA, 三田市下深田, 34, 53.7, 135, 12.7, 2010-05-01, 9999-99-99, 63411, , , , 
近畿, 兵庫, 63461, 三木, みき, MIKI, 三木市志染町広野, 34, 46.6, 135, 0.8, 2010-05-01, 9999-99-99, 63461, , , , 
近畿, 兵庫, 63491, 家島, いえしま, IESHIMA, 姫路市家島町真浦字御室寺, 34, 40.3, 134, 31.6, 2010-05-01, 9999-99-99, 63491, , , , 
近畿, 兵庫, 63496, 明石, あかし, AKASHI, 明石市二見町南二見, 34, 41.2, 134, 52.6, 2010-05-01, 9999-99-99, 63496, , , , 
近畿, 兵庫, 63518, 神戸, こうべ, KOBE, 神戸市中央区脇浜海岸通　神戸地方気象台, 34, 41.8, 135, 12.7, 2010-05-01, 9999-99-99, 63518, 2025-04-01, 9999-99-99, , 
近畿, 兵庫, 63551, 郡家, ぐんげ, GUNGE, 淡路市多賀, 34, 28.0, 134, 50.9, 2010-05-01, 9999-99-99, 63551, , , , 
近畿, 兵庫, 63571, 洲本, すもと, SUMOTO, 洲本市木戸　洲本特別地域気象観測所, 34, 18.6, 134, 50.9, 2017-11-30, 9999-99-99, 63571, , , , 
近畿, 兵庫, 63576, 洲本, すもと, SUMOTO, 洲本市小路谷　洲本特別地域気象観測所, 34, 20.3, 134, 54.3, 2010-05-01, 2017-11-30, 63576, , , , 
近畿, 兵庫, 63588, 南淡, なんだん, NANDAN, 南あわじ市阿万塩屋町, 34, 13.1, 134, 43.2, 2010-05-01, 9999-99-99, 63588, , , , 
近畿, 奈良, 64036, 奈良, なら, NARA, 奈良市東紀寺町　奈良地方気象台, 34, 40.4, 135, 50.2, 2010-05-01, 9999-99-99, 64036, 2025-04-01, 9999-99-99, , 
近畿, 奈良, 64041, 針, はり, HARI, 奈良市都祁友田町, 34, 36.3, 135, 57.1, 2010-05-01, 9999-99-99, 64041, , , , 
近畿, 奈良, 64101, 大宇陀, おおうだ, OUDA, 宇陀市大宇陀下竹, 34, 29.3, 135, 55.9, 2010-05-01, 9999-99-99, 64101, , , , 
近畿, 奈良, 64127, 五條, ごじょう, GOJO, 五條市三在町, 34, 22.8, 135, 43.8, 2010-05-01, 9999-99-99, 64127, , , , 
近畿, 奈良, 64206, 上北山, かみきたやま, KAMIKITAYAMA, 吉野郡上北山村小橡, 34, 8.2, 136, 0.3, 2010-05-01, 9999-99-99, 64206, , , , 
近畿, 奈良, 64227, 風屋, かぜや, KAZEYA, 吉野郡十津川村風屋, 34, 2.7, 135, 47.2, 2010-05-01, 9999-99-99, 64227, , , , 
近畿, 和歌山, 65026, かつらぎ, かつらぎ, KATSURAGI, 伊都郡かつらぎ町妙寺, 34, 18.6, 135, 31.7, 2010-05-01, 9999-99-99, 65026, , , , 
近畿, 和歌山, 65036, 友ケ島, ともがしま, TOMOGASHIMA, 和歌山市加太苫ケ沖島, 34, 16.8, 134, 59.9, 2010-05-01, 9999-99-99, 65036, , , , 
近畿, 和歌山, 65042, 和歌山, わかやま, WAKAYAMA, 和歌山市男野芝丁　和歌山地方気象台, 34, 13.7, 135, 9.8, 2010-05-01, 9999-99-99, 65042, 2025-04-01, 9999-99-99, , 
近畿, 和歌山, 65061, 高野山, こうやさん, KOYASAN, 伊都郡高野町高野山, 34, 13.3, 135, 35.4, 2010-05-01, 9999-99-99, 65061, , , 2026-04-01, 9999-99-99
近畿, 和歌山, 65121, 清水, しみず, SHIMIZU, 有田郡有田川町清水, 34, 5.2, 135, 25.5, 2010-05-01, 9999-99-99, 65121, , , , 
近畿, 和歌山, 65162, 龍神, りゅうじん, RYUJIN, 田辺市龍神村湯ノ又, 33, 56.7, 135, 33.4, 2010-05-01, 9999-99-99, 65162, , , , 
近畿, 和歌山, 65201, 川辺, かわべ, KAWABE, 日高郡日高川町和佐, 33, 53.6, 135, 13.0, 2010-05-01, 9999-99-99, 65201, , , , 
近畿, 和歌山, 65256, 栗栖川, くりすがわ, KURISUGAWA, 田辺市中辺路町栗栖川, 33, 47.5, 135, 30.8, 2010-05-01, 9999-99-99, 65256, , , , 
近畿, 和歌山, 65276, 新宮, しんぐう, SHINGU, 新宮市佐野, 33, 41.2, 135, 58.2, 2010-05-01, 9999-99-99, 65276, , , , 
近畿, 和歌山, 65306, 西川, にしかわ, NISHIKAWA, 東牟婁郡古座川町西川, 33, 38.3, 135, 42.6, 2010-05-01, 9999-99-99, 65306, , , , 
近畿, 和歌山, 65356, 潮岬, しおのみさき, SHIONOMISAKI, 東牟婁郡串本町潮岬　潮岬特別地域気象観測所, 33, 27.0, 135, 45.4, 2010-05-01, 9999-99-99, 65356, , , , 
中国, 岡山, 66046, 上長田, かみながた, KAMINAGATA, 真庭市蒜山上長田, 35, 17.8, 133, 43.5, 2010-05-01, 9999-99-99, 66046, , , , 
中国, 岡山, 66091, 千屋, ちや, CHIYA, 新見市千屋, 35, 6.2, 133, 26.1, 2010-05-01, 9999-99-99, 66091, , , , 
中国, 岡山, 66127, 奈義, なぎ, NAGI, 勝田郡奈義町荒内西字大池, 35, 6.7, 134, 10.2, 2010-05-01, 9999-99-99, 66127, , , , 
中国, 岡山, 66136, 今岡, いまおか, IMAOKA, 美作市今岡, 35, 5.9, 134, 19.5, 2010-05-01, 9999-99-99, 66136, , , , 
中国, 岡山, 66171, 久世, くせ, KUSE, 真庭市中島, 35, 4.1, 133, 45.2, 2010-05-01, 9999-99-99, 66171, , , , 
中国, 岡山, 66186, 津山, つやま, TSUYAMA, 津山市林田　津山特別地域気象観測所, 35, 3.8, 134, 0.5, 2010-05-01, 9999-99-99, 66186, , , , 
中国, 岡山, 66221, 新見, にいみ, NIIMI, 新見市足見堂の下, 34, 56.6, 133, 31.1, 2010-05-01, 9999-99-99, 66221, , , , 
中国, 岡山, 66296, 福渡, ふくわたり, FUKUWATARI, 岡山市北区建部町福渡, 34, 52.0, 133, 54.2, 2010-05-01, 9999-99-99, 66296, , , , 
中国, 岡山, 66306, 和気, わけ, WAKE, 和気郡和気町吉田, 34, 48.9, 134, 11.0, 2010-05-01, 9999-99-99, 66306, , , , 
中国, 岡山, 66336, 高梁, たかはし, TAKAHASHI, 高梁市落合町近似, 34, 47.5, 133, 36.6, 2010-05-01, 9999-99-99, 66336, , , , 
中国, 岡山, 66408, 岡山, おかやま, OKAYAMA, 岡山市北区津島中　岡山地方気象台, 34, 41.1, 133, 55.5, 2010-05-01, 9999-99-99, 66408, 2025-04-01, 9999-99-99, , 
中国, 岡山, 66421, 虫明, むしあげ, MUSHIAGE, 瀬戸内市邑久町虫明, 34, 40.9, 134, 12.4, 2010-05-01, 9999-99-99, 66421, , , , 
中国, 岡山, 66446, 倉敷, くらしき, KURASHIKI, 倉敷市中央, 34, 35.4, 133, 46.1, 2010-05-01, 9999-99-99, 66446, , , , 
中国, 岡山, 66481, 笠岡, かさおか, KASAOKA, 笠岡市カブト東町, 34, 30.1, 133, 29.7, 2010-05-01, 9999-99-99, 66481, , , , 
中国, 岡山, 66501, 玉野, たまの, TAMANO, 玉野市宇野, 34, 29.2, 133, 57.0, 2010-05-01, 9999-99-99, 66501, , , , 
中国, 広島, 67016, 高野, たかの, TAKANO, 庄原市高野町新市, 35, 2.0, 132, 54.1, 2010-05-01, 9999-99-99, 67016, , , , 
中国, 広島, 67106, 三次, みよし, MIYOSHI, 三次市三次町, 34, 48.7, 132, 51.0, 2010-05-01, 9999-99-99, 67106, , , , 
中国, 広島, 67116, 庄原, しょうばら, SHOBARA, 庄原市東本町, 34, 51.6, 133, 1.4, 2010-05-01, 9999-99-99, 67116, , , , 
中国, 広島, 67151, 大朝, おおあさ, OASA, 山県郡北広島町大朝字大坪, 34, 46.1, 132, 27.8, 2010-05-01, 9999-99-99, 67151, , , , 
中国, 広島, 67191, 油木, ゆき, YUKI, 神石郡神石高原町安田伊ノ平谷, 34, 45.8, 133, 16.7, 2010-05-01, 9999-99-99, 67191, , , , 
中国, 広島, 67212, 加計, かけ, KAKE, 山県郡安芸太田町加計字神田, 34, 36.6, 132, 19.2, 2010-05-01, 9999-99-99, 67212, , , , 
中国, 広島, 67292, 三入, みいり, MIIRI, 広島市安佐北区三入, 34, 32.7, 132, 31.8, 2010-05-01, 9999-99-99, 67292, , , , 
中国, 広島, 67316, 世羅, せら, SERA, 世羅郡世羅町大字東神崎字大田, 34, 35.0, 133, 3.0, 2010-05-01, 9999-99-99, 67316, , , , 
中国, 広島, 67326, 府中, ふちゅう, FUCHU, 府中市土生町, 34, 33.7, 133, 13.9, 2010-05-01, 9999-99-99, 67326, , , , 
中国, 広島, 67376, 東広島, ひがしひろしま, HIGASHIHIROSHIMA, 東広島市八本松町原, 34, 25.0, 132, 42.0, 2010-05-01, 9999-99-99, 67376, , , , 
中国, 広島, 67401, 福山, ふくやま, FUKUYAMA, 福山市松永町　福山特別地域気象観測所, 34, 26.8, 133, 14.8, 2010-05-01, 9999-99-99, 67401, , , , 
中国, 広島, 67421, 廿日市津田, はつかいちつた, HATSUKAICHITSUTA, 廿日市市津田, 34, 21.9, 132, 11.4, 2010-05-01, 9999-99-99, 67421, , , , 
中国, 広島, 67437, 広島, ひろしま, HIROSHIMA, 広島市中区上八丁堀　広島地方気象台, 34, 23.9, 132, 27.7, 2010-05-01, 9999-99-99, 67437, 2010-05-01, 9999-99-99, , 
中国, 広島, 67461, 竹原, たけはら, TAKEHARA, 竹原市忠海床浦, 34, 19.8, 132, 58.9, 2010-05-01, 9999-99-99, 67461, , , , 
中国, 広島, 67471, 生口島, いくちじま, IKUCHIJIMA, 尾道市瀬戸田町御寺, 34, 16.7, 133, 7.4, 2010-05-01, 9999-99-99, 67471, , , , 
中国, 広島, 67496, 大竹, おおたけ, OTAKE, 大竹市立戸, 34, 13.3, 132, 13.2, 2010-05-01, 9999-99-99, 67496, , , , 
中国, 広島, 67511, 呉, くれ, KURE, 呉市宝町　呉特別地域気象観測所, 34, 14.4, 132, 33.0, 2010-05-01, 9999-99-99, 67511, , , , 
中国, 広島, 67576, 呉市蒲刈, くれしかまがり, KURE-SHI-KAMAGARI, 呉市蒲刈町大浦字前沖浦, 34, 9.9, 132, 44.9, 2010-05-01, 9999-99-99, 67576, , , , 
中国, 島根, 68022, 西郷, さいごう, SAIGO, 隠岐郡隠岐の島町西町大城ノ一　西郷特別地域気象観測所, 36, 12.2, 133, 20.0, 2010-05-01, 9999-99-99, 68022, , , , 
中国, 島根, 68056, 海士, あま, AMA, 隠岐郡海士町海士, 36, 5.8, 133, 5.8, 2010-05-01, 9999-99-99, 68056, , , , 
中国, 島根, 68091, 鹿島, かしま, KASHIMA, 松江市鹿島町佐陀本郷, 35, 31.2, 132, 59.0, 2010-05-01, 9999-99-99, 68091, , , , 
中国, 島根, 68132, 松江, まつえ, MATSUE, 松江市西津田　松江地方気象台, 35, 27.4, 133, 3.9, 2010-05-01, 9999-99-99, 68132, 2025-04-01, 9999-99-99, , 
中国, 島根, 68156, 出雲, いずも, IZUMO, 出雲市芦渡町, 35, 19.9, 132, 43.8, 2010-05-01, 9999-99-99, 68156, , , , 
中国, 島根, 68246, 大田, おおだ, ODA, 大田市大田町大田, 35, 11.4, 132, 29.8, 2010-05-01, 9999-99-99, 68246, , , , 
中国, 島根, 68261, 掛合, かけや, KAKEYA, 雲南市掛合町掛合, 35, 11.8, 132, 48.9, 2010-05-01, 9999-99-99, 68261, , , , 
中国, 島根, 68276, 横田, よこた, YOKOTA, 仁多郡奥出雲町稲原, 35, 10.4, 133, 6.2, 2010-05-01, 9999-99-99, 68276, , , , 
中国, 島根, 68306, 赤名, あかな, AKANA, 飯石郡飯南町下赤名, 35, 0.1, 132, 42.7, 2010-05-01, 9999-99-99, 68306, , , , 
中国, 島根, 68351, 川本, かわもと, KAWAMOTO, 邑智郡川本町川本, 34, 58.6, 132, 29.5, 2010-05-01, 9999-99-99, 68351, , , , 
中国, 島根, 68376, 浜田, はまだ, HAMADA, 浜田市大辻町　浜田特別地域気象観測所, 34, 53.8, 132, 4.2, 2010-05-01, 9999-99-99, 68376, , , , 
中国, 島根, 68401, 瑞穂, みずほ, MIZUHO, 邑智郡邑南町淀原, 34, 51.2, 132, 31.8, 2010-05-01, 9999-99-99, 68401, , , , 
中国, 島根, 68431, 弥栄, やさか, YASAKA, 浜田市弥栄町長安本郷, 34, 46.6, 132, 6.5, 2010-05-01, 9999-99-99, 68431, , , , 
中国, 島根, 68462, 益田, ますだ, MASUDA, 益田市乙吉町, 34, 41.2, 131, 51.0, 2010-05-01, 9999-99-99, 68462, , , , 
中国, 島根, 68516, 津和野, つわの, TSUWANO, 鹿足郡津和野町森村ロ, 34, 27.7, 131, 46.2, 2010-05-01, 9999-99-99, 68516, , , , 
中国, 島根, 68541, 吉賀, よしか, YOSHIKA, 鹿足郡吉賀町七日市, 34, 23.5, 131, 53.6, 2010-05-01, 9999-99-99, 68541, , , , 
中国, 鳥取, 69006, 境, さかい, SAKAI, 境港市東本町　境特別地域気象観測所, 35, 32.6, 133, 14.1, 2010-05-01, 9999-99-99, 69006, , , , 
中国, 鳥取, 69021, 塩津, しおつ, SHIOTSU, 西伯郡大山町塩津, 35, 31.4, 133, 34.0, 2010-05-01, 9999-99-99, 69021, , , , 
中国, 鳥取, 69041, 青谷, あおや, AOYA, 鳥取市青谷町青谷, 35, 31.2, 133, 59.8, 2010-05-01, 9999-99-99, 69041, , , , 
中国, 鳥取, 69061, 岩井, いわい, IWAI, 岩美郡岩美町宇治字前田, 35, 33.5, 134, 21.6, 2010-05-01, 9999-99-99, 69061, , , , 
中国, 鳥取, 69076, 米子, よなご, YONAGO, 米子市博労町　米子特別地域気象観測所, 35, 26.0, 133, 20.3, 2010-05-01, 9999-99-99, 69076, , , , 
中国, 鳥取, 69101, 倉吉, くらよし, KURAYOSHI, 倉吉市大塚字隈ヶ坪, 35, 28.4, 133, 50.3, 2010-05-01, 9999-99-99, 69101, , , , 
中国, 鳥取, 69122, 鳥取, とっとり, TOTTORI, 鳥取市吉方　鳥取地方気象台, 35, 29.2, 134, 14.3, 2010-05-01, 9999-99-99, 69122, 2025-04-01, 9999-99-99, , 
中国, 鳥取, 69246, 智頭, ちず, CHIZU, 八頭郡智頭町智頭沖代, 35, 15.8, 134, 14.4, 2010-05-01, 9999-99-99, 69246, , , , 
中国, 鳥取, 69271, 茶屋, ちゃや, CYAYA, 日野郡日南町茶屋大ジャフ田, 35, 11.2, 133, 13.8, 2010-05-01, 9999-99-99, 69271, , , , 
四国, 徳島, 71066, 池田, いけだ, IKEDA, 三好市池田町シンヤマ, 34, 1.4, 133, 47.7, 2010-05-01, 9999-99-99, 71066, , , , 
四国, 徳島, 71087, 穴吹, あなぶき, ANABUKI, 美馬市穴吹町口山初草, 34, 2.4, 134, 9.4, 2010-05-01, 9999-99-99, 71087, , , , 
四国, 徳島, 71106, 徳島, とくしま, TOKUSHIMA, 徳島市大和町　徳島地方気象台, 34, 4.0, 134, 34.4, 2010-05-01, 9999-99-99, 71106, 2025-04-01, 9999-99-99, , 
四国, 徳島, 71191, 京上, きょうじょう, KYOJO, 三好市東祖谷京上, 33, 52.0, 133, 54.2, 2010-05-01, 2025-09-03, 71191, , , , 
四国, 徳島, 71192, 東祖谷, ひがしいや, HIGASHIIYA, 三好市東祖谷菅生, 33, 52.2, 133, 58.7, 2025-09-04, 9999-99-99, 71192, , , , 
四国, 徳島, 71231, 蒲生田, かもだ, KAMODA, 阿南市椿町蒲生田, 33, 50.2, 134, 44.5, 2010-05-01, 9999-99-99, 71231, , , , 
四国, 徳島, 71251, 木頭, きとう, KITO, 那賀郡那賀町木頭和無田ヨシノ, 33, 46.3, 134, 11.9, 2010-05-01, 9999-99-99, 71251, , , , 
四国, 徳島, 71266, 日和佐, ひわさ, HIWASA, 海部郡美波町日和佐浦, 33, 43.9, 134, 32.3, 2010-05-01, 9999-99-99, 71266, , , , 
四国, 徳島, 71291, 海陽, かいよう, KAIYO, 海部郡海陽町四方原字杉谷, 33, 36.7, 134, 21.3, 2010-05-01, 9999-99-99, 71291, , , , 
四国, 香川, 72061, 内海, うちのみ, UCHINOMI, 小豆郡小豆島町西村甲, 34, 28.3, 134, 16.4, 2010-05-01, 9999-99-99, 72061, , , , 
四国, 香川, 72086, 高松, たかまつ, TAKAMATSU, 高松市伏石町　高松地方気象台, 34, 19.1, 134, 3.2, 2010-05-01, 9999-99-99, 72086, 2025-04-01, 9999-99-99, , 
四国, 香川, 72111, 多度津, たどつ, TADOTSU, 仲多度郡多度津町家中　多度津特別地域気象観測所, 34, 16.5, 133, 45.1, 2010-05-01, 9999-99-99, 72111, , , , 
四国, 香川, 72121, 滝宮, たきのみや, TAKINOMIYA, 綾歌郡綾川町滝宮字山田, 34, 14.2, 133, 55.4, 2010-05-01, 9999-99-99, 72121, , , , 
四国, 香川, 72146, 引田, ひけた, HIKETA, 東かがわ市南野, 34, 12.8, 134, 24.4, 2010-05-01, 9999-99-99, 72146, , , , 
四国, 香川, 72161, 財田, さいた, SAITA, 三豊市財田町財田上, 34, 7.2, 133, 46.3, 2010-05-01, 9999-99-99, 72161, , , , 
四国, 愛媛, 73001, 大三島, おおみしま, OMISHIMA, 今治市大三島町宮浦地先, 34, 15.0, 133, 0.4, 2010-05-01, 9999-99-99, 73001, , , , 
四国, 愛媛, 73076, 今治, いまばり, IMABARI, 今治市山路, 34, 3.2, 132, 58.5, 2010-05-01, 9999-99-99, 73076, , , , 
四国, 愛媛, 73126, 西条, さいじょう, SAIJO, 西条市周布, 33, 54.9, 133, 4.8, 2010-05-01, 9999-99-99, 73126, , , , 
四国, 愛媛, 73136, 新居浜, にいはま, NIIHAMA, 新居浜市一宮町, 33, 57.6, 133, 16.9, 2010-05-01, 2016-08-24, 73136, , , , 
四国, 愛媛, 73141, 新居浜, にいはま, NIIHAMA, 新居浜市船木甲, 33, 56.2, 133, 20.3, 2016-08-24, 9999-99-99, 73141, , , , 
四国, 愛媛, 73151, 四国中央, しこくちゅうおう, SHIKOKU-CHUO, 四国中央市妻鳥町乙, 33, 58.9, 133, 34.9, 2010-05-01, 9999-99-99, 73151, , , , 
四国, 愛媛, 73166, 松山, まつやま, MATSUYAMA, 松山市北持田町　松山地方気象台, 33, 50.6, 132, 46.6, 2010-05-01, 9999-99-99, 73166, 2025-04-01, 9999-99-99, , 
四国, 愛媛, 73256, 長浜, ながはま, NAGAHAMA, 大洲市長浜甲, 33, 37.0, 132, 28.8, 2010-05-01, 9999-99-99, 73256, , , , 
四国, 愛媛, 73276, 久万, くま, KUMA, 上浮穴郡久万高原町入野, 33, 39.8, 132, 53.7, 2010-05-01, 9999-99-99, 73276, , , , 
四国, 愛媛, 73306, 大洲, おおず, OZU, 大洲市阿蔵字フルカワ甲, 33, 30.5, 132, 32.1, 2010-05-01, 9999-99-99, 73306, , , , 
四国, 愛媛, 73341, 瀬戸, せと, SETO, 西宇和郡伊方町塩成, 33, 26.8, 132, 15.4, 2010-05-01, 9999-99-99, 73341, , , , 
四国, 愛媛, 73406, 宇和, うわ, UWA, 西予市宇和町神領, 33, 22.0, 132, 30.2, 2010-05-01, 9999-99-99, 73406, , , , 
四国, 愛媛, 73442, 宇和島, うわじま, UWAJIMA, 宇和島市住吉町　宇和島特別地域気象観測所, 33, 13.6, 132, 33.1, 2010-05-01, 9999-99-99, 73442, , , , 
四国, 愛媛, 73446, 近永, ちかなが, CHIKANAGA, 北宇和郡鬼北町近永, 33, 15.2, 132, 40.5, 2010-05-01, 9999-99-99, 73446, , , , 
四国, 愛媛, 73516, 御荘, みしょう, MISHO, 南宇和郡愛南町御荘平城, 32, 57.8, 132, 34.2, 2010-05-01, 9999-99-99, 73516, , , , 
四国, 高知, 74056, 本川, ほんがわ, HONGAWA, 吾川郡いの町脇ノ山字根藤, 33, 45.9, 133, 20.3, 2010-05-01, 9999-99-99, 74056, , , 2026-04-01, 9999-99-99
四国, 高知, 74071, 本山, もとやま, MOTOYAMA, 長岡郡本山町本山, 33, 45.2, 133, 34.5, 2010-05-01, 9999-99-99, 74071, , , , 
四国, 高知, 74136, 大栃, おおどち, ODOCHI, 香美市物部町大栃上西の川, 33, 41.9, 133, 52.5, 2010-05-01, 9999-99-99, 74136, , , , 
四国, 高知, 74181, 高知, こうち, KOCHI, 高知市比島町　高知地方気象台, 33, 34.0, 133, 32.9, 2010-05-01, 2023-03-02, 74181, , , , 
四国, 高知, 74182, 高知, こうち, KOCHI, 高知市比島町　高知地方気象台, 33, 34.0, 133, 32.9, 2023-03-02, 9999-99-99, 74181, 2024-04-01, 9999-99-99, , 
四国, 高知, 74187, 後免, ごめん, GOMEN, 南国市廿枝, 33, 35.4, 133, 38.6, 2010-05-01, 9999-99-99, 74187, , , , 
四国, 高知, 74271, 安芸, あき, AKI, 安芸市伊尾木, 33, 29.3, 133, 56.0, 2010-05-01, 9999-99-99, 74271, , , , 
四国, 高知, 74296, 梼原, ゆすはら, YUSUHARA, 高岡郡梼原町川西路, 33, 23.4, 132, 55.3, 2010-05-01, 9999-99-99, 74296, , , , 
四国, 高知, 74311, 須崎, すさき, SUSAKI, 須崎市西町, 33, 23.1, 133, 16.6, 2010-05-01, 9999-99-99, 74311, , , , 
四国, 高知, 74361, 窪川, くぼかわ, KUBOKAWA, 高岡郡四万十町新開町, 33, 12.4, 133, 7.7, 2010-05-01, 9999-99-99, 74361, , , , 
四国, 高知, 74372, 室戸岬, むろとみさき, MUROTOMISAKI, 室戸市室戸岬町　室戸岬特別地域気象観測所, 33, 15.1, 134, 10.6, 2010-05-01, 9999-99-99, 74372, , , , 
四国, 高知, 74381, 江川崎, えかわさき, EKAWASAKI, 四万十市西土佐用井, 33, 10.2, 132, 47.5, 2010-05-01, 9999-99-99, 74381, , , , 
四国, 高知, 74436, 佐賀, さが, SAGA, 幡多郡黒潮町佐賀, 33, 4.7, 133, 6.1, 2010-05-01, 9999-99-99, 74436, , , , 
四国, 高知, 74447, 宿毛, すくも, SUKUMO, 宿毛市小筑紫町田ノ浦　宿毛特別地域気象観測所, 32, 54.3, 132, 43.0, 2010-05-01, 9999-99-99, 74447, , , , 
四国, 高知, 74456, 中村, なかむら, NAKAMURA, 四万十市入田字長善寺前, 32, 59.4, 132, 55.2, 2010-05-01, 9999-99-99, 74456, , , , 
四国, 高知, 74516, 清水, しみず, SHIMIZU, 土佐清水市足摺岬　清水特別地域気象観測所, 32, 43.3, 133, 0.6, 2010-05-01, 9999-99-99, 74516, , , , 
中国, 山口, 81011, 須佐, すさ, SUSA, 萩市須佐字野中, 34, 36.9, 131, 37.4, 2010-05-01, 9999-99-99, 81011, , , , 
中国, 山口, 81071, 萩, はぎ, HAGI, 萩市大字土原字川島沖田　萩特別地域気象観測所, 34, 24.6, 131, 24.3, 2010-05-01, 9999-99-99, 81071, , , , 
中国, 山口, 81116, 油谷, ゆや, YUYA, 長門市油谷新別名, 34, 22.2, 131, 3.3, 2010-05-01, 9999-99-99, 81116, , , , 
中国, 山口, 81151, 徳佐, とくさ, TOKUSA, 山口市阿東徳佐中, 34, 23.9, 131, 43.5, 2010-05-01, 9999-99-99, 81151, , , , 
中国, 山口, 81196, 秋吉台, あきよしだい, AKIYOSHIDAI, 美祢市秋芳町秋吉, 34, 14.1, 131, 18.4, 2010-05-01, 9999-99-99, 81196, , , , 
中国, 山口, 81231, 広瀬, ひろせ, HIROSE, 岩国市錦町広瀬, 34, 15.7, 131, 57.1, 2010-05-01, 9999-99-99, 81231, , , , 
中国, 山口, 81266, 豊田, とよた, TOYOTA, 下関市豊田町大字稲光字土橋, 34, 11.2, 131, 4.6, 2010-05-01, 9999-99-99, 81266, , , , 
中国, 山口, 81286, 山口, やまぐち, YAMAGUCHI, 山口市前町　山口特別地域気象観測所, 34, 9.7, 131, 27.7, 2010-05-01, 9999-99-99, 81286, , , , 
中国, 山口, 81321, 岩国, いわくに, IWAKUNI, 岩国市川西, 34, 9.3, 132, 10.7, 2010-05-01, 9999-99-99, 81321, , , , 
中国, 山口, 81371, 防府, ほうふ, HOFU, 防府市大字植松, 34, 2.4, 131, 32.0, 2010-05-01, 9999-99-99, 81371, , , , 
中国, 山口, 81386, 下松, くだまつ, KUDAMATSU, 下松市西豊井, 34, 0.6, 131, 52.3, 2010-05-01, 9999-99-99, 81386, , , , 
中国, 山口, 81397, 玖珂, くが, KUGA, 岩国市玖珂町, 34, 5.7, 132, 4.5, 2010-05-01, 9999-99-99, 81397, , , , 
中国, 山口, 81428, 下関, しものせき, SHIMONOSEKI, 下関市竹崎町　下関地方気象台, 33, 56.9, 130, 55.5, 2010-05-01, 9999-99-99, 81428, 2025-04-01, 9999-99-99, , 
中国, 山口, 81481, 柳井, やない, YANAI, 柳井市南浜, 33, 57.5, 132, 6.8, 2010-05-01, 9999-99-99, 81481, , , , 
中国, 山口, 81486, 安下庄, あげのしょう, AGENOSHO, 大島郡周防大島町東安下庄, 33, 54.2, 132, 17.6, 2010-05-01, 9999-99-99, 81486, , , , 
九州, 福岡, 82046, 宗像, むなかた, MUNAKATA, 宗像市田熊, 33, 48.5, 130, 32.3, 2010-05-01, 9999-99-99, 82046, , , , 
九州, 福岡, 82056, 八幡, やはた, YAHATA, 北九州市八幡西区鷹の巣, 33, 51.1, 130, 44.6, 2010-05-01, 9999-99-99, 82056, , , , 
九州, 福岡, 82101, 行橋, ゆくはし, YUKUHASHI, 行橋市西泉, 33, 42.8, 130, 58.5, 2010-05-01, 9999-99-99, 82101, , , , 
九州, 福岡, 82136, 飯塚, いいづか, IIZUKA, 飯塚市川島字甘木　飯塚特別地域気象観測所, 33, 39.1, 130, 41.6, 2010-05-01, 9999-99-99, 82136, , , , 
九州, 福岡, 82171, 前原, まえばる, MAEBARU, 糸島市前原西, 33, 33.6, 130, 11.4, 2010-05-01, 9999-99-99, 82171, , , , 
九州, 福岡, 82182, 福岡, ふくおか, FUKUOKA, 福岡市中央区大濠　福岡管区気象台, 33, 34.9, 130, 22.5, 2010-05-01, 9999-99-99, 82182, 2010-05-01, 9999-99-99, , 
九州, 福岡, 82191, 太宰府, だざいふ, DAZAIFU, 太宰府市大佐野, 33, 29.8, 130, 29.4, 2010-05-01, 9999-99-99, 82191, , , , 
九州, 福岡, 82206, 添田, そえだ, SOEDA, 田川郡添田町大字野田字大野ノ原, 33, 33.5, 130, 51.3, 2010-05-01, 9999-99-99, 82206, , , , 
九州, 福岡, 82261, 朝倉, あさくら, ASAKURA, 朝倉市三奈木, 33, 24.4, 130, 41.7, 2010-05-01, 9999-99-99, 82261, , , , 
九州, 福岡, 82306, 久留米, くるめ, KURUME, 久留米市津福本町, 33, 18.2, 130, 29.6, 2010-05-01, 9999-99-99, 82306, , , , 
九州, 福岡, 82317, 黒木, くろぎ, KUROGI, 八女市黒木町本分, 33, 13.5, 130, 38.7, 2010-05-01, 9999-99-99, 82317, , , , 
九州, 福岡, 82361, 大牟田, おおむた, OMUTA, 大牟田市笹原町, 33, 0.4, 130, 28.0, 2010-05-01, 9999-99-99, 82361, , , , 
九州, 大分, 83021, 国見, くにみ, KUNIMI, 国東市国見町中字浜手, 33, 40.7, 131, 34.5, 2010-05-01, 9999-99-99, 83021, , , , 
九州, 大分, 83046, 中津, なかつ, NAKATSU, 中津市大字上宮永, 33, 35.1, 131, 11.1, 2010-05-01, 2011-03-15, 83046, , , , 
九州, 大分, 83051, 中津, なかつ, NAKATSU, 中津市大字定留, 33, 35.2, 131, 14.7, 2011-03-15, 9999-99-99, 83051, , , , 
九州, 大分, 83061, 豊後高田, ぶんごたかだ, BUNGOTAKADA, 豊後高田市呉崎, 33, 34.2, 131, 26.0, 2010-05-01, 9999-99-99, 83061, , , , 
九州, 大分, 83106, 院内, いんない, INNAI, 宇佐市院内町山城, 33, 25.2, 131, 19.0, 2010-05-01, 9999-99-99, 83106, , , , 
九州, 大分, 83121, 杵築, きつき, KITSUKI, 杵築市大字本庄, 33, 25.0, 131, 35.8, 2010-05-01, 9999-99-99, 83121, , , , 
九州, 大分, 83137, 日田, ひた, HITA, 日田市三本松　日田特別地域気象観測所, 33, 19.3, 130, 55.7, 2010-05-01, 9999-99-99, 83137, , , , 
九州, 大分, 83191, 玖珠, くす, KUSU, 玖珠郡玖珠町大字帆足, 33, 17.5, 131, 9.3, 2010-05-01, 9999-99-99, 83191, , , , 
九州, 大分, 83201, 湯布院, ゆふいん, YUFUIN, 由布市湯布院町川南, 33, 15.2, 131, 20.8, 2010-05-01, 9999-99-99, 83201, , , , 
九州, 大分, 83216, 大分, おおいた, OITA, 大分市長浜町　大分地方気象台, 33, 14.1, 131, 37.1, 2010-05-01, 9999-99-99, 83216, 2025-04-01, 9999-99-99, , 
九州, 大分, 83341, 犬飼, いぬかい, INUKAI, 豊後大野市犬飼町田原, 33, 3.9, 131, 37.9, 2010-05-01, 9999-99-99, 83341, , , , 
九州, 大分, 83371, 竹田, たけた, TAKETA, 竹田市大字会々, 32, 58.4, 131, 23.9, 2010-05-01, 9999-99-99, 83371, , , , 
九州, 大分, 83401, 佐伯, さいき, SAIKI, 佐伯市字剣崎, 32, 57.0, 131, 54.1, 2010-05-01, 9999-99-99, 83401, , , , 
九州, 大分, 83431, 宇目, うめ, UME, 佐伯市宇目大字重岡, 32, 50.7, 131, 40.5, 2010-05-01, 9999-99-99, 83431, , , , 
九州, 大分, 83476, 蒲江, かまえ, KAMAE, 佐伯市蒲江大字蒲江浦, 32, 47.7, 131, 55.4, 2010-05-01, 9999-99-99, 83476, , , , 
九州, 長崎, 84012, 鰐浦, わにうら, WANIURA, 対馬市上対馬町鰐浦字カキセ, 34, 41.9, 129, 26.7, 2010-05-01, 9999-99-99, 84012, , , , 
九州, 長崎, 84072, 厳原, いづはら, IZUHARA, 対馬市厳原町東里　厳原特別地域気象観測所, 34, 11.8, 129, 17.5, 2010-05-01, 9999-99-99, 84072, , , , 
九州, 長崎, 84121, 芦辺, あしべ, ASHIBE, 壱岐市芦辺町国分東触, 33, 48.0, 129, 43.3, 2010-05-01, 9999-99-99, 84121, , , , 
九州, 長崎, 84171, 平戸, ひらど, HIRADO, 平戸市岩の上町　平戸特別地域気象観測所, 33, 21.6, 129, 33.0, 2010-05-01, 9999-99-99, 84171, , , , 
九州, 長崎, 84182, 松浦, まつうら, MATSUURA, 松浦市今福町浦免字宮崎, 33, 21.0, 129, 45.9, 2010-05-01, 2011-03-15, 84182, , , , 
九州, 長崎, 84183, 松浦, まつうら, MATSUURA, 松浦市志佐町里免字辻ノ尾台, 33, 20.5, 129, 42.7, 2011-03-15, 9999-99-99, 84183, , , , 
九州, 長崎, 84266, 佐世保, させぼ, SASEBO, 佐世保市干尽町　佐世保特別地域気象観測所, 33, 9.5, 129, 43.6, 2010-05-01, 9999-99-99, 84266, , , , 
九州, 長崎, 84306, 西海, さいかい, SAIKAI, 西海市西海町中浦南郷, 33, 0.8, 129, 39.1, 2021-03-05, 9999-99-99, 84306, , , , 
九州, 長崎, 84341, 有川, ありかわ, ARIKAWA, 南松浦郡新上五島町有川郷字上原, 32, 58.9, 129, 7.1, 2010-05-01, 9999-99-99, 84341, , , , 
九州, 長崎, 84356, 大瀬戸, おおせと, OSETO, 西海市大瀬戸町多以良外郷先野元, 32, 56.9, 129, 37.9, 2010-05-01, 2021-03-05, 84356, , , , 
九州, 長崎, 84496, 長崎, ながさき, NAGASAKI, 長崎市南山手町　長崎地方気象台, 32, 44.0, 129, 52.0, 2010-05-01, 9999-99-99, 84496, 2025-04-01, 9999-99-99, , 
九州, 長崎, 84519, 雲仙岳, うんぜんだけ, UNZENDAKE, 雲仙市小浜町雲仙　雲仙岳特別地域気象観測所, 32, 44.2, 130, 15.7, 2010-05-01, 9999-99-99, 84519, , , 2026-04-01, 9999-99-99
九州, 長崎, 84523, 島原, しまばら, SHIMABARA, 島原市新湊, 32, 45.6, 130, 21.7, 2010-05-01, 9999-99-99, 84523, , , , 
九州, 長崎, 84536, 福江, ふくえ, FUKUE, 五島市木場町　福江特別地域気象観測所, 32, 41.6, 128, 49.6, 2010-05-01, 9999-99-99, 84536, , , , 
九州, 長崎, 84561, 口之津, くちのつ, KUCHINOTSU, 南島原市口之津町丁, 32, 36.7, 130, 11.6, 2010-05-01, 9999-99-99, 84561, , , , 
九州, 長崎, 84596, 野母崎, のもざき, NOMOZAKI, 長崎市野母町, 32, 34.7, 129, 44.4, 2010-05-01, 2021-01-19, 84596, , , , 
九州, 長崎, 84597, 脇岬, わきみさき, WAKIMISAKI, 長崎市脇岬町, 32, 34.9, 129, 46.6, 2021-01-20, 9999-99-99, 84597, , , , 
九州, 佐賀, 85033, 唐津, からつ, KARATSU, 唐津市二夕子, 33, 27.5, 129, 57.3, 2010-05-01, 9999-99-99, 85033, , , , 
九州, 佐賀, 85116, 伊万里, いまり, IMARI, 伊万里市立花町, 33, 16.0, 129, 52.7, 2010-05-01, 9999-99-99, 85116, , , , 
九州, 佐賀, 85142, 佐賀, さが, SAGA, 佐賀市駅前中央　佐賀地方気象台, 33, 15.9, 130, 18.3, 2010-05-01, 9999-99-99, 85142, 2025-04-01, 9999-99-99, , 
九州, 佐賀, 85161, 嬉野, うれしの, URESHINO, 嬉野市嬉野町大字下野丙, 33, 7.0, 129, 59.7, 2010-05-01, 9999-99-99, 85161, , , , 
九州, 佐賀, 85166, 白石, しろいし, SHIROISHI, 杵島郡白石町大字福田, 33, 11.0, 130, 8.9, 2010-05-01, 9999-99-99, 85166, , , , 
九州, 熊本, 86006, 鹿北, かほく, KAHOKU, 山鹿市鹿北町岩野, 33, 6.9, 130, 41.5, 2010-05-01, 9999-99-99, 86006, , , , 
九州, 熊本, 86066, 南小国, みなみおぐに, MINAMIOGUNI, 阿蘇郡南小国町赤馬場, 33, 6.2, 131, 4.0, 2010-05-01, 9999-99-99, 86066, , , , 
九州, 熊本, 86086, 岱明, たいめい, TAIMEI, 玉名市岱明町中土, 32, 54.9, 130, 30.7, 2010-05-01, 9999-99-99, 86086, , , , 
九州, 熊本, 86101, 菊池, きくち, KIKUCHI, 菊池市木柑子字上辻, 32, 56.7, 130, 46.9, 2010-05-01, 9999-99-99, 86101, , , , 
九州, 熊本, 86111, 阿蘇乙姫, あそおとひめ, ASO-OTOHIME, 阿蘇市乙姫, 32, 56.8, 131, 2.4, 2010-05-01, 9999-99-99, 86111, , , , 
九州, 熊本, 86141, 熊本, くまもと, KUMAMOTO, 熊本市中央区京町　熊本地方気象台, 32, 48.8, 130, 42.4, 2010-05-01, 9999-99-99, 86141, 2025-04-01, 9999-99-99, , 
九州, 熊本, 86156, 阿蘇山, あそさん, ASOSAN, 阿蘇郡南阿蘇村大字中松字古坊中　阿蘇山特別地域気象観測所, 32, 52.8, 131, 4.4, 2010-05-01, 2017-12-11, 86156, , , , 
九州, 熊本, 86157, 南阿蘇, みなみあそ, MINAMIASO, 阿蘇郡南阿蘇村河陰, 32, 49.9, 131, 0.8, 2015-01-16, 9999-99-99, 86157, , , , 
九州, 熊本, 86161, 高森, たかもり, TAKAMORI, 阿蘇郡高森町大字高森, 32, 49.3, 131, 7.5, 2010-05-01, 9999-99-99, 86161, , , 2026-04-01, 9999-99-99
九州, 熊本, 86216, 三角, みすみ, MISUMI, 宇城市三角町波多, 32, 36.7, 130, 28.7, 2010-05-01, 9999-99-99, 86216, , , , 
九州, 熊本, 86236, 甲佐, こうさ, KOSA, 上益城郡甲佐町大字上早川字尾ノ上, 32, 40.3, 130, 49.0, 2010-05-01, 9999-99-99, 86236, , , , 
九州, 熊本, 86271, 松島, まつしま, MATSUSHIMA, 上天草市松島町阿村, 32, 30.9, 130, 26.8, 2010-05-01, 9999-99-99, 86271, , , , 
九州, 熊本, 86316, 本渡, ほんど, HONDO, 天草市本渡町本戸馬場, 32, 28.1, 130, 10.8, 2010-05-01, 9999-99-99, 86316, , , , 
九州, 熊本, 86336, 八代, やつしろ, YATSUSHIRO, 八代市平山新町, 32, 28.4, 130, 36.4, 2010-05-01, 9999-99-99, 86336, , , , 
九州, 熊本, 86451, 水俣, みなまた, MINAMATA, 水俣市南福寺, 32, 12.3, 130, 24.4, 2010-05-01, 9999-99-99, 86451, , , , 
九州, 熊本, 86467, 人吉, ひとよし, HITOYOSHI, 人吉市城本町　人吉特別地域気象観測所, 32, 13.0, 130, 45.3, 2010-05-01, 9999-99-99, 86467, , , , 
九州, 熊本, 86477, 上, うえ, UE, 球磨郡あさぎり町上北, 32, 13.5, 130, 54.3, 2010-05-01, 9999-99-99, 86477, , , , 
九州, 熊本, 86491, 牛深, うしぶか, USHIBUKA, 天草市牛深町　牛深特別地域気象観測所, 32, 11.8, 130, 1.6, 2010-05-01, 9999-99-99, 86491, , , , 
九州, 宮崎, 87041, 高千穂, たかちほ, TAKACHIHO, 西臼杵郡高千穂町大字押方字宮野原, 32, 42.7, 131, 17.4, 2010-05-01, 9999-99-99, 87041, , , , 
九州, 宮崎, 87066, 古江, ふるえ, FURUE, 延岡市北浦町古江, 32, 42.7, 131, 49.2, 2010-05-01, 9999-99-99, 87066, , , , 
九州, 宮崎, 87071, 鞍岡, くらおか, KURAOKA, 西臼杵郡五ヶ瀬町大字鞍岡, 32, 38.6, 131, 9.4, 2010-05-01, 9999-99-99, 87071, , , , 
九州, 宮崎, 87141, 延岡, のべおか, NOBEOKA, 延岡市天神小路　延岡特別地域気象観測所, 32, 34.9, 131, 39.4, 2010-05-01, 9999-99-99, 87141, , , , 
九州, 宮崎, 87181, 日向, ひゅうが, HYUGA, 日向市大字塩見, 32, 24.5, 131, 36.0, 2010-05-01, 9999-99-99, 87181, , , , 
九州, 宮崎, 87206, 神門, みかど, MIKADO, 東臼杵郡美郷町南郷区神門, 32, 23.1, 131, 19.9, 2010-05-01, 9999-99-99, 87206, , , , 
九州, 宮崎, 87231, 西米良, にしめら, NISHI-MERA, 児湯郡西米良村大字竹原, 32, 14.4, 131, 9.1, 2010-05-01, 9999-99-99, 87231, , , , 
九州, 宮崎, 87292, 高鍋, たかなべ, TAKANABE, 児湯郡高鍋町大字蚊口浦, 32, 7.4, 131, 31.6, 2010-05-01, 2017-03-09, 87292, , , , 
九州, 宮崎, 87293, 高鍋, たかなべ, TAKANABE, 児湯郡高鍋町上江, 32, 7.4, 131, 28.5, 2017-03-10, 9999-99-99, 87293, , , , 
九州, 宮崎, 87301, 加久藤, かくとう, KAKUTO, えびの市大字永山, 32, 2.8, 130, 48.6, 2010-05-01, 9999-99-99, 87301, , , , 
九州, 宮崎, 87331, 西都, さいと, SAITO, 西都市大字黒生野, 32, 3.8, 131, 24.8, 2010-05-01, 9999-99-99, 87331, , , , 
九州, 宮崎, 87352, 小林, こばやし, KOBAYASHI, 小林市南西方, 32, 0.0, 130, 57.2, 2010-05-01, 9999-99-99, 87352, , , , 
九州, 宮崎, 87376, 宮崎, みやざき, MIYAZAKI, 宮崎市霧島　宮崎地方気象台, 31, 56.3, 131, 24.8, 2010-05-01, 9999-99-99, 87376, 2025-04-01, 9999-99-99, , 
九州, 宮崎, 87406, 田野, たの, TANO, 宮崎市田野町甲, 31, 50.6, 131, 18.5, 2017-02-17, 9999-99-99, 87406, , , , 
九州, 宮崎, 87411, 青島, あおしま, AOSHIMA, 宮崎市青島西, 31, 48.2, 131, 27.6, 2010-05-01, 2017-02-16, 87411, , , , 
九州, 宮崎, 87426, 都城, みやこのじょう, MIYAKONOJO, 都城市菖蒲原町　都城特別地域気象観測所, 31, 43.8, 131, 4.9, 2010-05-01, 9999-99-99, 87426, , , , 
九州, 宮崎, 87492, 油津, あぶらつ, ABURATSU, 日南市油津　油津特別地域気象観測所, 31, 34.7, 131, 24.4, 2010-05-01, 9999-99-99, 87492, , , , 
九州, 宮崎, 87501, 串間, くしま, KUSHIMA, 串間市大字西方字平山, 31, 27.9, 131, 13.2, 2010-05-01, 9999-99-99, 87501, , , , 
九州, 鹿児島, 88061, 阿久根, あくね, AKUNE, 阿久根市赤瀬川　阿久根特別地域気象観測所, 32, 1.6, 130, 12.0, 2010-05-01, 9999-99-99, 88061, , , , 
九州, 鹿児島, 88081, 大口, おおくち, OKUCHI, 伊佐市大口原田, 32, 2.8, 130, 37.6, 2010-05-01, 9999-99-99, 88081, , , , 
九州, 鹿児島, 88107, さつま柏原, さつまかしわばる, SATSUMAKASHIWABARU, 薩摩郡さつま町柏原, 31, 55.0, 130, 27.3, 2010-05-01, 9999-99-99, 88107, , , , 
九州, 鹿児島, 88131, 中甑, なかこしき, NAKAKOSHIKI, 薩摩川内市上甑町中甑, 31, 50.1, 129, 52.0, 2010-05-01, 9999-99-99, 88131, , , , 
九州, 鹿児島, 88151, 川内, せんだい, SENDAI, 薩摩川内市中郷, 31, 50.0, 130, 18.9, 2010-05-01, 9999-99-99, 88151, , , , 
九州, 鹿児島, 88261, 東市来, ひがしいちき, HIGASHIICHIKI, 日置市東市来町湯田, 31, 40.1, 130, 19.7, 2010-05-01, 9999-99-99, 88261, , , , 
九州, 鹿児島, 88286, 牧之原, まきのはら, MAKINOHARA, 霧島市福山町福山, 31, 39.7, 130, 50.6, 2010-05-01, 9999-99-99, 88286, , , , 
九州, 鹿児島, 88317, 鹿児島, かごしま, KAGOSHIMA, 鹿児島市東郡元町　鹿児島地方気象台, 31, 33.3, 130, 32.8, 2010-05-01, 9999-99-99, 88317, 2014-04-01, 9999-99-99, , 
九州, 鹿児島, 88331, 輝北, きほく, KIHOKU, 鹿屋市輝北町市成, 31, 35.3, 130, 51.3, 2010-05-01, 9999-99-99, 88331, , , , 
九州, 鹿児島, 88371, 加世田, かせだ, KASEDA, 南さつま市加世田東本町, 31, 24.9, 130, 19.5, 2010-05-01, 9999-99-99, 88371, , , , 
九州, 鹿児島, 88406, 志布志, しぶし, SHIBUSHI, 志布志市志布志町志布志字杉の下, 31, 28.7, 131, 5.7, 2010-05-01, 9999-99-99, 88406, , , , 
九州, 鹿児島, 88432, 喜入, きいれ, KIIRE, 鹿児島市喜入中名町, 31, 23.2, 130, 32.4, 2010-05-01, 9999-99-99, 88432, , , , 
九州, 鹿児島, 88442, 鹿屋, かのや, KANOYA, 鹿屋市寿, 31, 23.5, 130, 51.8, 2010-05-01, 9999-99-99, 88442, , , , 
九州, 鹿児島, 88447, 肝付前田, きもつきまえだ, KIMOTSUKIMAEDA, 肝属郡肝付町前田, 31, 20.4, 130, 56.3, 2010-05-01, 9999-99-99, 88447, , , , 
九州, 鹿児島, 88466, 枕崎, まくらざき, MAKURAZAKI, 枕崎市高見町　枕崎特別地域気象観測所, 31, 16.3, 130, 17.5, 2010-05-01, 9999-99-99, 88466, , , , 
九州, 鹿児島, 88486, 指宿, いぶすき, IBUSUKI, 指宿市十町, 31, 15.0, 130, 38.2, 2010-05-01, 9999-99-99, 88486, , , , 
九州, 鹿児島, 88506, 内之浦, うちのうら, UCHINOURA, 肝属郡肝付町北方, 31, 16.6, 131, 3.3, 2010-05-01, 9999-99-99, 88506, , , , 
九州, 鹿児島, 88536, 田代, たしろ, TASHIRO, 肝属郡錦江町田代麓, 31, 11.9, 130, 50.6, 2010-05-01, 9999-99-99, 88536, , , , 
九州, 鹿児島, 88612, 種子島, たねがしま, TANEGASHIMA, 西之表市西之表　種子島特別地域気象観測所, 30, 43.2, 130, 58.9, 2010-05-01, 9999-99-99, 88612, , , , 
九州, 鹿児島, 88666, 上中, かみなか, KAMINAKA, 熊毛郡南種子町中之下, 30, 24.4, 130, 54.1, 2010-05-01, 9999-99-99, 88666, , , , 
九州, 鹿児島, 88686, 屋久島, やくしま, YAKUSHIMA, 熊毛郡屋久島町小瀬田　屋久島特別地域気象観測所, 30, 23.1, 130, 39.5, 2010-05-01, 9999-99-99, 88686, , , , 
九州, 鹿児島, 88706, 尾之間, おのあいだ, ONOAIDA, 熊毛郡屋久島町尾之間字井出ノ尻, 30, 14.1, 130, 33.3, 2010-05-01, 9999-99-99, 88706, , , , 
九州, 鹿児島, 88736, 中之島, なかのしま, NAKANOSHIMA, 鹿児島郡十島村中之島, 29, 50.4, 129, 52.0, 2010-05-01, 9999-99-99, 88736, , , , 
九州, 鹿児島, 88836, 名瀬, なぜ, NAZE, 奄美市名瀬港町　名瀬測候所, 28, 22.7, 129, 29.7, 2010-05-01, 2024-11-27, 88836, , , , 
九州, 鹿児島, 88837, 名瀬, なぜ, NAZE, 奄美市名瀬矢之脇町　名瀬測候所, 28, 23.1, 129, 29.6, 2024-11-27, 9999-99-99, 88836, , , , 
九州, 鹿児島, 88901, 古仁屋, こにや, KONIYA, 大島郡瀬戸内町古仁屋船津, 28, 8.6, 129, 18.9, 2010-05-01, 9999-99-99, 88901, , , , 
九州, 鹿児島, 88956, 伊仙, いせん, ISEN, 大島郡伊仙町面縄, 27, 40.6, 128, 58.4, 2010-05-01, 9999-99-99, 88956, , , , 
九州, 鹿児島, 88971, 沖永良部, おきのえらぶ, OKINOERABU, 大島郡和泊町国頭字手付　沖永良部特別地域気象観測所, 27, 25.9, 128, 42.3, 2010-05-01, 9999-99-99, 88971, , , , 
沖縄, 沖縄, 91011, 伊是名, いぜな, IZENA, 島尻郡伊是名村字内花, 26, 56.9, 127, 56.4, 2010-05-01, 9999-99-99, 91011, , , , 
沖縄, 沖縄, 91021, 奥, おく, OKU, 国頭郡国頭村奥, 26, 50.1, 128, 16.3, 2010-05-01, 9999-99-99, 91021, , , , 
沖縄, 沖縄, 91107, 名護, なご, NAGO, 名護市宮里　名護特別地域気象観測所, 26, 35.6, 127, 57.9, 2010-05-01, 9999-99-99, 91107, , , , 
沖縄, 沖縄, 91146, 久米島, くめじま, KUMEJIMA, 島尻郡久米島町字謝名堂　久米島特別地域気象観測所, 26, 20.2, 126, 48.2, 2010-05-01, 9999-99-99, 91146, , , , 
沖縄, 沖縄, 91166, 宮城島, みやぎじま, MIYAGIJIMA, うるま市与那城上原阪上, 26, 21.8, 127, 58.3, 2010-05-01, 9999-99-99, 91166, , , , 
沖縄, 沖縄, 91181, 渡嘉敷, とかしき, TOKASHIKI, 島尻郡渡嘉敷村渡嘉敷, 26, 12.6, 127, 21.8, 2010-05-01, 9999-99-99, 91181, , , , 
沖縄, 沖縄, 91197, 那覇, なは, NAHA, 那覇市樋川　沖縄気象台, 26, 12.4, 127, 41.2, 2010-05-01, 9999-99-99, 91197, 2018-04-01, 9999-99-99, , 
沖縄, 沖縄, 91241, 糸数, いとかず, ITOKAZU, 南城市玉城字糸数西赤津川原, 26, 9.2, 127, 45.9, 2010-05-01, 9999-99-99, 91241, , , , 
沖縄, 沖縄, 92011, 南大東, みなみだいとう, MINAMI-DAITO, 島尻郡南大東村在所　南大東島地方気象台, 25, 49.7, 131, 13.7, 2010-05-01, 9999-99-99, 92011, , , , 
沖縄, 沖縄, 93041, 宮古島, みやこじま, MIYAKOJIMA, 宮古島市平良字下里　宮古島地方気象台, 24, 47.6, 125, 16.7, 2010-05-01, 9999-99-99, 93041, , , , 
沖縄, 沖縄, 94001, 伊原間, いばるま, IBARUMA, 石垣市伊原間, 24, 30.4, 124, 16.8, 2010-05-01, 9999-99-99, 94001, , , , 
沖縄, 沖縄, 94017, 与那国島, よなぐにじま, YONAGUNIJIMA, 八重山郡与那国町与那国　与那国島特別地域気象観測所, 24, 28.0, 123, 0.6, 2010-05-01, 9999-99-99, 94017, , , , 
沖縄, 沖縄, 94062, 西表島, いりおもてじま, IRIOMOTEJIMA, 八重山郡竹富町字上原宇那利崎　西表島特別地域気象観測所, 24, 25.6, 123, 45.9, 2010-05-01, 9999-99-99, 94062, , , , 
沖縄, 沖縄, 94081, 石垣島, いしがきじま, ISHIGAKIJIMA, 石垣市登野城　石垣島地方気象台, 24, 20.2, 124, 9.8, 2010-05-01, 9999-99-99, 94081, , , , 
沖縄, 沖縄, 94101, 大原, おおはら, OHARA, 八重山郡竹富町南風見, 24, 15.9, 123, 52.3, 2010-05-01, 9999-99-99, 94101, , , , 
沖縄, 沖縄, 94116, 波照間, はてるま, HATERUMA, 八重山郡竹富町波照間, 24, 3.3, 123, 46.0, 2010-05-01, 9999-99-99, 94116, , , , 
